BHID,From,To,Cu %,Cu ppm,Ag ppm,As ppm,Au ppm,Ce ppm,Dy ppm,Er ppm,Eu ppm,Gd ppm,Hg ppm,Ho ppm,La ppm,Lu ppm,Nd ppm,Pb ppm,Pr ppm,Sc ppm,Sm ppm,Tb ppm,Tm ppm,Y ppm,Yb ppm,Zn ppm
BH1,0,1,0,,,,,,,,,,,,,,,,,,,,,,,
BH1,1,2,0.03,342,ND,ND,ND,ND,ND,ND,ND,ND,ND,ND,2.91,ND,ND,ND,ND,11.66,ND,ND,ND,6.76,1.55,11.71
BH1,2,3,0.02,191,ND,ND,ND,ND,ND,ND,ND,ND,ND,ND,2.04,ND,ND,ND,ND,10.35,ND,ND,ND,6.6,1.53,8.55
BH1,3,4,0,,,,,,,,,,,,,,,,,,,,,,,
BH1,4,5,0,,,,,,,,,,,,,,,,,,,,,,,
BH1,5,6,0,,,,,,,,,,,,,,,,,,,,,,,
BH1,6,7,0,,,,,,,,,,,,,,,,,,,,,,,
BH1,7,8,0,,,,,,,,,,,,,,,,,,,,,,,
BH1,8,9,0,,,,,,,,,,,,,,,,,,,,,,,
BH1,9,10,0,,,,,,,,,,,,,,,,,,,,,,,
BH1,10,11,0.07,665,ND,ND,ND,ND,ND,ND,ND,ND,ND,ND,2.59,ND,ND,ND,ND,6.55,ND,ND,ND,5.82,1.08,8.31
BH1,11,12,0,,,,,,,,,,,,,,,,,,,,,,,
BH1,12,13,0,,,,,,,,,,,,,,,,,,,,,,,
BH1,13,14,0,,,,,,,,,,,,,,,,,,,,,,,
BH1,14,15,0,,,,,,,,,,,,,,,,,,,,,,,
BH1,15,16,0.02,171,ND,ND,ND,ND,ND,ND,ND,ND,ND,ND,ND,ND,ND,ND,ND,6.54,ND,ND,ND,6.37,1.4,16.05
BH1,16,17,0.16,1637,ND,ND,ND,ND,ND,ND,ND,ND,ND,ND,ND,ND,ND,ND,ND,21.95,ND,ND,ND,7.66,2.76,25.83
BH1,17,18,0.27,2655,ND,ND,ND,ND,ND,ND,ND,ND,ND,ND,2.64,ND,ND,ND,ND,16.43,ND,ND,ND,8.83,2.15,18.71
BH1,18,19,0,,,,,,,,,,,,,,,,,,,,,,,
BH1,19,20,0.01,90,ND,ND,ND,ND,ND,ND,ND,ND,ND,ND,1.79,ND,ND,ND,ND,14.26,ND,ND,ND,6.45,1.79,13.82
BH1,20,21,0,,,,,,,,,,,,,,,,,,,,,,,
BH1,21,22,0.05,472,ND,ND,ND,ND,ND,ND,ND,ND,ND,ND,ND,ND,ND,ND,ND,12.69,ND,ND,ND,9.1,1.99,15.92
BH1,22,23,0,,,,,,,,,,,,,,,,,,,,,,,
BH1,23,24,0,,,,,,,,,,,,,,,,,,,,,,,
BH1,24,25,0.02,155,ND,ND,ND,ND,ND,ND,ND,ND,ND,ND,ND,ND,ND,ND,ND,12.98,ND,ND,ND,9.18,1.73,15.17
BH1,25,26,0,,,,,,,,,,,,,,,,,,,,,,,
BH1,26,27,0.03,250,ND,ND,ND,ND,ND,ND,ND,ND,ND,ND,ND,ND,ND,ND,ND,13.24,ND,ND,ND,7.87,2.03,14.36
BH1,27,28,0,,,,,,,,,,,,,,,,,,,,,,,
BH1,28,29,0,,,,,,,,,,,,,,,,,,,,,,,
BH1,29,30,0.01,74,ND,ND,ND,ND,ND,ND,ND,ND,ND,ND,1.76,ND,ND,ND,ND,13.12,ND,ND,ND,8.71,1.88,10.8
BH1,30,31,0.02,220,ND,ND,ND,ND,ND,ND,ND,ND,ND,ND,2.27,ND,ND,ND,ND,13.97,ND,ND,ND,8.98,1.91,13.24
BH1,31,32,0.02,239,ND,ND,ND,ND,ND,ND,ND,ND,ND,ND,1.62,ND,ND,ND,ND,13.65,ND,ND,ND,10,1.96,8.83
BH1,32,33,0.25,2510,ND,ND,ND,ND,ND,ND,ND,ND,ND,ND,ND,ND,ND,ND,ND,10.52,ND,ND,ND,7.95,2.09,15.39
BH1,33,34,0.12,1158,ND,ND,ND,ND,ND,ND,ND,ND,ND,ND,4.39,ND,ND,ND,ND,11.67,ND,ND,ND,8.59,2.22,11.25
BH1,34,35,0.03,346,ND,ND,ND,ND,ND,ND,ND,ND,ND,ND,1.69,ND,ND,ND,ND,10.09,ND,ND,ND,8.06,1.92,10.24
BH1,35,36,0.03,301,ND,ND,ND,ND,ND,ND,ND,ND,ND,ND,2.09,ND,ND,ND,ND,10.27,ND,ND,ND,7.54,1.85,10.45
BH1,36,37,0.05,532,ND,ND,ND,ND,ND,ND,ND,ND,ND,ND,2.55,ND,ND,ND,ND,10.99,ND,ND,ND,8.42,1.96,11.14
BH1,37,38,0.04,412,ND,ND,ND,ND,ND,ND,ND,ND,ND,ND,ND,ND,ND,ND,ND,11.15,ND,ND,ND,5.89,1.48,11.56
BH1,38,39,0.08,769,ND,ND,ND,ND,ND,ND,ND,ND,ND,ND,ND,ND,ND,ND,ND,10.29,ND,ND,ND,7.97,1.96,11.35
BH1,39,40,0,,,,,,,,,,,,,,,,,,,,,,,
BH1,40,41,0,,,,,,,,,,,,,,,,,,,,,,,
BH1,41,42,0.1,969,ND,ND,ND,ND,ND,ND,ND,ND,ND,ND,1.43,ND,ND,ND,ND,12.58,ND,ND,ND,8.19,1.73,11.01
BH1,42,43,0.03,321,ND,ND,ND,ND,ND,ND,ND,ND,ND,ND,1.86,ND,ND,ND,ND,11.95,ND,ND,ND,11.19,2.09,9.56
BH1,43,44,0.01,134,ND,ND,ND,ND,ND,ND,ND,ND,ND,ND,1.71,ND,ND,ND,ND,11.17,ND,ND,ND,10.04,1.94,8.94
BH1,44,45,0.02,206,ND,ND,ND,ND,ND,ND,ND,ND,ND,ND,0.91,ND,ND,ND,ND,11.25,ND,ND,ND,8.43,1.81,9.36
BH1,45,46,0.08,799,ND,ND,ND,ND,ND,ND,ND,ND,ND,ND,3.11,ND,ND,ND,ND,13.36,ND,ND,ND,9.75,2.08,10.9
BH1,46,47,0,,,,,,,,,,,,,,,,,,,,,,,
BH1,47,48,0,,,,,,,,,,,,,,,,,,,,,,,
BH1,48,49,0,,,,,,,,,,,,,,,,,,,,,,,
BH1,49,50,0,,,,,,,,,,,,,,,,,,,,,,,
BH1,50,51,0.03,314,ND,ND,ND,ND,ND,ND,ND,ND,ND,ND,2.38,ND,ND,ND,ND,20.11,ND,ND,ND,7.27,2.76,19.3
BH1,51,52,0,14.8,ND,ND,ND,ND,ND,ND,ND,ND,ND,ND,3.91,ND,ND,ND,ND,16.21,ND,ND,ND,7.81,2.39,17.83
BH1,52,53,0.01,64.67,ND,ND,ND,ND,ND,ND,ND,ND,ND,ND,1.92,ND,ND,ND,ND,12.69,ND,ND,ND,11.95,2.07,10.71
BH1,53,54,0.04,391.57,ND,ND,ND,ND,ND,ND,ND,ND,ND,ND,2.05,ND,ND,ND,ND,10.39,ND,ND,ND,8.34,1.67,10.95
BH1,54,55,0.37,3699.23,ND,ND,ND,ND,ND,ND,ND,ND,ND,ND,3.23,ND,ND,ND,ND,10.58,ND,ND,ND,11.03,3.04,18
BH1,55,56,0.06,594.24,ND,ND,ND,ND,ND,ND,ND,ND,ND,ND,1.88,ND,ND,ND,ND,14.1,ND,ND,ND,14.41,2.4,17.44
BH1,56,57,0,,,,,,,,,,,,,,,,,,,,,,,
BH1,57,58,0,,,,,,,,,,,,,,,,,,,,,,,
BH1,58,59,0,37.41,ND,ND,ND,ND,ND,ND,ND,ND,ND,ND,1.38,ND,ND,ND,ND,10.02,ND,ND,ND,11.43,2.01,9.74
BH1,59,60,0.01,92.96,ND,ND,ND,ND,ND,ND,ND,ND,ND,ND,2.02,ND,ND,ND,ND,10.33,ND,ND,ND,13.33,2.25,12
BH1,60,61,0.02,217,ND,ND,ND,ND,ND,ND,ND,ND,ND,ND,3.49,ND,ND,ND,ND,11.5,ND,ND,ND,12.57,2.2,16.97
BH1,61,62,0,,,,,,,,,,,,,,,,,,,,,,,
BH1,62,63,0.01,131,ND,ND,ND,ND,ND,ND,ND,ND,ND,ND,1.9,ND,ND,ND,ND,13.47,ND,ND,ND,10.96,2.45,16.18
BH1,63,64,0.16,1597,ND,ND,ND,ND,ND,ND,ND,ND,ND,ND,ND,ND,ND,ND,ND,13.22,ND,ND,ND,12.49,2.87,22.15
BH1,64,65,0,,,,,,,,,,,,,,,,,,,,,,,
BH1,65,66,0.01,108,ND,ND,ND,ND,ND,ND,ND,ND,ND,ND,ND,ND,ND,ND,ND,15.64,ND,ND,ND,9.08,1.68,43.03
BH1,66,67,0.09,938,ND,ND,ND,ND,ND,ND,ND,ND,ND,ND,ND,ND,ND,ND,ND,16.98,ND,ND,ND,9.27,2.04,42.91
BH1,67,68,0.29,2918,ND,ND,ND,ND,ND,ND,ND,ND,ND,ND,ND,ND,ND,ND,ND,8.88,ND,ND,ND,8.82,1.85,21.43
BH1,68,69,1.11,11107,ND,ND,ND,ND,ND,ND,ND,ND,ND,ND,3.1,ND,ND,ND,ND,12.92,ND,ND,ND,13.91,2.3,22.04
BH1,69,70,0,,,,,,,,,,,,,,,,,,,,,,,
BH1,70,71,0,,,,,,,,,,,,,,,,,,,,,,,
BH1,71,72,0,,,,,,,,,,,,,,,,,,,,,,,
BH1,72,73,0,,,,,,,,,,,,,,,,,,,,,,,
BH1,73,74,0,,,,,,,,,,,,,,,,,,,,,,,
BH1,74,75,0.01,64,ND,ND,ND,ND,ND,ND,ND,ND,ND,ND,ND,ND,ND,ND,ND,12.6,ND,ND,ND,10.2,1.56,11.93
BH1,75,76,0,,,,,,,,,,,,,,,,,,,,,,,
BH1,76,77,0,,,,,,,,,,,,,,,,,,,,,,,
BH1,77,78,0,,,,,,,,,,,,,,,,,,,,,,,
BH1,78,79,0,,,,,,,,,,,,,,,,,,,,,,,
BH1,79,80,0,,,,,,,,,,,,,,,,,,,,,,,
BH1,80,81,0,,,,,,,,,,,,,,,,,,,,,,,
BH1,81,82,0.08,820,ND,ND,ND,ND,ND,ND,ND,ND,ND,ND,ND,ND,ND,ND,ND,13.07,ND,ND,ND,7.35,2.58,19.88
BH1,82,83,0.24,2427,ND,ND,ND,ND,ND,ND,ND,ND,ND,ND,6.32,ND,ND,ND,ND,27.13,ND,ND,ND,8.4,2.99,29.67
BH1,83,84,0.15,1458,ND,ND,ND,ND,ND,ND,ND,ND,ND,ND,ND,ND,ND,ND,ND,22.63,ND,ND,ND,10.19,3.17,27.27
BH1,84,85,0.08,759,ND,ND,ND,ND,ND,ND,ND,ND,ND,ND,ND,ND,ND,ND,ND,20.07,ND,ND,ND,10.33,2.39,21.13
BH1,85,86,0,,,,,,,,,,,,,,,,,,,,,,,
BH1,86,87,0.05,514,ND,ND,ND,ND,ND,ND,ND,ND,ND,ND,5.42,ND,ND,ND,ND,14.26,ND,ND,ND,9.09,1.73,15.24
BH1,87,88,0.11,1124,ND,ND,ND,ND,ND,ND,ND,ND,ND,ND,ND,ND,ND,ND,ND,15.57,ND,ND,ND,12.14,2.12,18.35
BH1,88,89,0.18,1788,ND,ND,ND,ND,ND,ND,ND,ND,ND,ND,ND,ND,ND,ND,ND,10.97,ND,ND,ND,4.83,1.7,16.61
BH1,89,90,0,,,,,,,,,,,,,,,,,,,,,,,
BH1,90,91,0,9.38,ND,ND,ND,ND,ND,ND,ND,ND,ND,ND,ND,ND,ND,ND,ND,35.1,ND,ND,ND,5.42,2.92,22.25
BH1,91,92,0,,,,,,,,,,,,,,,,,,,,,,,
BH1,92,93,0,,,,,,,,,,,,,,,,,,,,,,,
BH1,93,94,0.01,119,ND,ND,ND,ND,ND,ND,ND,ND,ND,ND,ND,ND,ND,ND,ND,32.26,ND,ND,ND,4.9,3.48,26.26
BH1,94,95,0,,,,,,,,,,,,,,,,,,,,,,,
BH1,95,96,0.18,1844,ND,ND,ND,ND,ND,ND,ND,ND,ND,ND,3.94,ND,ND,ND,ND,31.79,ND,ND,ND,5.01,3.22,24.26
BH1,96,97,0.01,54.3,ND,ND,ND,ND,ND,ND,ND,ND,ND,ND,3.21,ND,ND,ND,ND,32.1,ND,ND,ND,3.98,3.09,24.94
BH1,97,98,0,46.8,ND,ND,ND,ND,ND,ND,ND,ND,ND,ND,3.84,ND,ND,ND,ND,32.3,ND,ND,ND,4.19,3.13,23.37
BH1,98,99,0,,,,,,,,,,,,,,,,,,,,,,,
BH1,99,100,0,,,,,,,,,,,,,,,,,,,,,,,
BH1,100,101,0,,,,,,,,,,,,,,,,,,,,,,,
BH1,101,102,0,,,,,,,,,,,,,,,,,,,,,,,
BH1,102,103,0.03,270,ND,ND,ND,ND,ND,ND,ND,ND,ND,ND,4.85,ND,ND,ND,ND,14.56,ND,ND,ND,5.34,2.18,15.41
BH1,103,104,0.01,109,ND,ND,ND,ND,ND,ND,ND,ND,ND,ND,5.06,ND,ND,ND,ND,18.3,ND,ND,ND,4.42,2.03,17.09
BH1,104,105,0,,,,,,,,,,,,,,,,,,,,,,,
BH1,105,106,0,,,,,,,,,,,,,,,,,,,,,,,
BH1,106,107,0,,,,,,,,,,,,,,,,,,,,,,,
BH1,107,108,0,,,,,,,,,,,,,,,,,,,,,,,
BH1,108,109,0,,,,,,,,,,,,,,,,,,,,,,,
BH1,109,110,0.62,6159,ND,ND,ND,ND,ND,ND,ND,ND,ND,ND,7.43,ND,ND,ND,ND,7.03,ND,ND,ND,5.3,1.52,13.86
BH1,110,111,0.19,1861,ND,ND,ND,ND,ND,ND,ND,ND,ND,ND,7.83,ND,ND,ND,ND,13.98,ND,ND,ND,6.44,2.05,19.34
BH1,111,112,0.76,7621,ND,ND,ND,ND,ND,ND,ND,ND,ND,ND,7.76,ND,ND,ND,ND,25.53,ND,ND,ND,5.26,2.83,31.6
BH1,112,113,0.46,4639,ND,ND,ND,ND,ND,ND,ND,ND,ND,ND,9.27,ND,ND,ND,ND,16.39,ND,ND,ND,10.93,2.27,27.36
BH1,113,114,0,,,,,,,,,,,,,,,,,,,,,,,
BH1,114,115,0,,,,,,,,,,,,,,,,,,,,,,,
BH1,115,116,0,,,,,,,,,,,,,,,,,,,,,,,
BH1,116,117,0,,,,,,,,,,,,,,,,,,,,,,,
BH1,117,118,0,,,,,,,,,,,,,,,,,,,,,,,
BH1,118,119,0,,,,,,,,,,,,,,,,,,,,,,,
BH1,119,120,0,,,,,,,,,,,,,,,,,,,,,,,
BH1,120,121,0,,,,,,,,,,,,,,,,,,,,,,,
BH1,121,122,0,,,,,,,,,,,,,,,,,,,,,,,
BH1,122,123,0,10.47,ND,ND,ND,ND,ND,ND,ND,ND,ND,ND,9.98,ND,ND,ND,ND,8.28,ND,ND,ND,6.73,1.23,15
BH1,123,124,0,,,,,,,,,,,,,,,,,,,,,,,
BH1,124,125,0.01,70.55,-,-,-,-,-,-,-,-,-,-,3.69,-,-,-,-,11.16,-,-,-,12.21,1.42,11.23
BH1,125,126,0,,,,,,,,,,,,,,,,,,,,,,,
BH1,126,127,0,,,,,,,,,,,,,,,,,,,,,,,
BH1,127,128,0,,,,,,,,,,,,,,,,,,,,,,,
BH1,128,129,0,,,,,,,,,,,,,,,,,,,,,,,
BH1,129,130,0,19.14,ND,ND,ND,ND,ND,ND,ND,ND,ND,ND,4.02,ND,ND,ND,ND,9.43,ND,ND,ND,9.43,1.27,12.3
BH1,130,131,0,,,,,,,,,,,,,,,,,,,,,,,
BH1,131,132,0,,,,,,,,,,,,,,,,,,,,,,,
BH1,132,133,0.01,98.01,ND,ND,ND,ND,ND,ND,ND,ND,ND,ND,ND,ND,ND,ND,ND,9.06,ND,ND,ND,8.21,1.38,14.91
BH1,133,134,0,,,,,,,,,,,,,,,,,,,,,,,
BH1,134,135,0.12,1186,ND,ND,ND,ND,ND,ND,ND,ND,ND,ND,ND,ND,ND,ND,ND,13.41,ND,ND,ND,14.46,2.75,25.57
BH1,135,136,0,,,,,,,,,,,,,,,,,,,,,,,
BH1,136,137,0,,,,,,,,,,,,,,,,,,,,,,,
BH1,137,138,0,44.27,ND,ND,ND,ND,ND,ND,ND,ND,ND,ND,ND,ND,ND,ND,ND,11.65,ND,ND,ND,10.8,1.93,12.96
BH1,138,139,0,,,,,,,,,,,,,,,,,,,,,,,
BH1,139,140,0,,,,,,,,,,,,,,,,,,,,,,,
BH1,140,141,0,,,,,,,,,,,,,,,,,,,,,,,
BH1,141,142,0,,,,,,,,,,,,,,,,,,,,,,,
BH1,142,143,0,,,,,,,,,,,,,,,,,,,,,,,
BH1,143,144,0,,,,,,,,,,,,,,,,,,,,,,,
BH1,144,145,0,,,,,,,,,,,,,,,,,,,,,,,
BH1,145,146,0.01,53.18,ND,ND,ND,ND,ND,ND,ND,ND,ND,ND,ND,ND,ND,ND,ND,9.98,ND,ND,ND,7.4,1.36,10.13
BH1,146,147,0,,,,,,,,,,,,,,,,,,,,,,,
BH1,147,148,0,,,,,,,,,,,,,,,,,,,,,,,
BH1,148,149,0.01,129,ND,ND,ND,ND,ND,ND,ND,ND,ND,ND,ND,ND,ND,ND,ND,12.97,ND,ND,ND,8.56,1.51,24.54
BH1,149,150,0.09,870,ND,ND,ND,ND,ND,ND,ND,ND,ND,ND,ND,ND,ND,ND,ND,16.13,ND,ND,ND,6.57,1.77,26.66
BH1,150,151,0,,,,,,,,,,,,,,,,,,,,,,,
BH1,151,152,0,,,,,,,,,,,,,,,,,,,,,,,
BH1,152,153,0,,,,,,,,,,,,,,,,,,,,,,,
BH1,153,154,0,,,,,,,,,,,,,,,,,,,,,,,
BH1,154,155,0,,,,,,,,,,,,,,,,,,,,,,,
BH1,155,156,0,,,,,,,,,,,,,,,,,,,,,,,
BH1,156,157,0,,,,,,,,,,,,,,,,,,,,,,,
BH1,157,158,0,,,,,,,,,,,,,,,,,,,,,,,
BH1,158,159,0,,,,,,,,,,,,,,,,,,,,,,,
BH1,159,160,0,,,,,,,,,,,,,,,,,,,,,,,
BH1,160,161,0,,,,,,,,,,,,,,,,,,,,,,,
BH1,161,162,0,,,,,,,,,,,,,,,,,,,,,,,
BH1,162,163,0,,,,,,,,,,,,,,,,,,,,,,,
BH1,163,164,0,,,,,,,,,,,,,,,,,,,,,,,
BH1,164,165,0,,,,,,,,,,,,,,,,,,,,,,,
BH1,165,166,0,,,,,,,,,,,,,,,,,,,,,,,
BH1,166,167,0,,,,,,,,,,,,,,,,,,,,,,,
BH1,167,168,0,,,,,,,,,,,,,,,,,,,,,,,
BH1,168,169,0,,,,,,,,,,,,,,,,,,,,,,,
BH1,169,170,0,,,,,,,,,,,,,,,,,,,,,,,
BH1,170,171,0,,,,,,,,,,,,,,,,,,,,,,,
BH1,171,172,0,,,,,,,,,,,,,,,,,,,,,,,
BH1,172,173,0,,,,,,,,,,,,,,,,,,,,,,,
BH1,173,174,0,,,,,,,,,,,,,,,,,,,,,,,
BH1,174,175,0,,,,,,,,,,,,,,,,,,,,,,,
BH1,175,176,0,,,,,,,,,,,,,,,,,,,,,,,
BH1,176,177,0,,,,,,,,,,,,,,,,,,,,,,,
BH1,177,178,0,,,,,,,,,,,,,,,,,,,,,,,
BH1,178,179,0,,,,,,,,,,,,,,,,,,,,,,,
BH1,179,180,0,,,,,,,,,,,,,,,,,,,,,,,
BH1,180,181,0,,,,,,,,,,,,,,,,,,,,,,,
BH1,181,182,0,,,,,,,,,,,,,,,,,,,,,,,
BH1,182,183,0,,,,,,,,,,,,,,,,,,,,,,,
BH1,183,184,0,,,,,,,,,,,,,,,,,,,,,,,
BH1,184,185,0,,,,,,,,,,,,,,,,,,,,,,,
BH1,185,186,0,,,,,,,,,,,,,,,,,,,,,,,
BH1,186,187,0,,,,,,,,,,,,,,,,,,,,,,,
BH1,187,188,0,,,,,,,,,,,,,,,,,,,,,,,
BH1,188,189,0,,,,,,,,,,,,,,,,,,,,,,,
BH1,189,190,0,,,,,,,,,,,,,,,,,,,,,,,
BH1,190,191,0,,,,,,,,,,,,,,,,,,,,,,,
BH1,191,192,0,,,,,,,,,,,,,,,,,,,,,,,
BH1,192,193,0,,,,,,,,,,,,,,,,,,,,,,,
BH1,193,194,0,,,,,,,,,,,,,,,,,,,,,,,
BH1,194,195,0,,,,,,,,,,,,,,,,,,,,,,,
BH1,195,196,0,,,,,,,,,,,,,,,,,,,,,,,
BH1,196,197,0,,,,,,,,,,,,,,,,,,,,,,,
BH1,197,198,0,,,,,,,,,,,,,,,,,,,,,,,
BH1,198,199,0,,,,,,,,,,,,,,,,,,,,,,,
BH1,199,200,0,,,,,,,,,,,,,,,,,,,,,,,
BH1,200,201,0,,,,,,,,,,,,,,,,,,,,,,,
BH1,201,202,0,,,,,,,,,,,,,,,,,,,,,,,
BH1,202,203,0,,,,,,,,,,,,,,,,,,,,,,,
BH1,203,204,0,,,,,,,,,,,,,,,,,,,,,,,
BH1,204,205,0,,,,,,,,,,,,,,,,,,,,,,,
BH1,205,206,0,,,,,,,,,,,,,,,,,,,,,,,
BH1,206,207,0,,,,,,,,,,,,,,,,,,,,,,,
BH1,207,208,0,,,,,,,,,,,,,,,,,,,,,,,
BH1,208,209,0,,,,,,,,,,,,,,,,,,,,,,,
BH1,209,210,0,,,,,,,,,,,,,,,,,,,,,,,
BH1,210,211,0,,,,,,,,,,,,,,,,,,,,,,,
BH1,211,212,0,,,,,,,,,,,,,,,,,,,,,,,
BH1,212,213,0,,,,,,,,,,,,,,,,,,,,,,,
BH1,213,214,0,,,,,,,,,,,,,,,,,,,,,,,
BH1,214,215,0,,,,,,,,,,,,,,,,,,,,,,,
BH1,215,216,0,,,,,,,,,,,,,,,,,,,,,,,
BH1,216,217,0,,,,,,,,,,,,,,,,,,,,,,,
BH1,217,218,0,,,,,,,,,,,,,,,,,,,,,,,
BH1,218,219,0,,,,,,,,,,,,,,,,,,,,,,,
BH1,219,220,0,,,,,,,,,,,,,,,,,,,,,,,
BH1,220,221,0,,,,,,,,,,,,,,,,,,,,,,,
BH1,221,222,0,,,,,,,,,,,,,,,,,,,,,,,
BH1,222,223,0,,,,,,,,,,,,,,,,,,,,,,,
BH1,223,224,0,,,,,,,,,,,,,,,,,,,,,,,
BH1,224,225,0,,,,,,,,,,,,,,,,,,,,,,,
BH1,225,226,0,,,,,,,,,,,,,,,,,,,,,,,
BH1,226,227,0,,,,,,,,,,,,,,,,,,,,,,,
BH1,227,228,0,,,,,,,,,,,,,,,,,,,,,,,
BH1,228,229,0,,,,,,,,,,,,,,,,,,,,,,,
BH1,229,230,0,,,,,,,,,,,,,,,,,,,,,,,
BH1,230,231,0,,,,,,,,,,,,,,,,,,,,,,,
BH1,231,232,0,,,,,,,,,,,,,,,,,,,,,,,
BH1,232,233,0,,,,,,,,,,,,,,,,,,,,,,,
BH1,233,234,0,,,,,,,,,,,,,,,,,,,,,,,
BH1,234,235,0,,,,,,,,,,,,,,,,,,,,,,,
BH1,235,236,0,,,,,,,,,,,,,,,,,,,,,,,
BH1,236,237,0,,,,,,,,,,,,,,,,,,,,,,,
BH1,237,238,0,,,,,,,,,,,,,,,,,,,,,,,
BH1,238,239,0,,,,,,,,,,,,,,,,,,,,,,,
BH1,239,240,0,,,,,,,,,,,,,,,,,,,,,,,
BH1,240,241,0,,,,,,,,,,,,,,,,,,,,,,,
BH1,241,242,0,,,,,,,,,,,,,,,,,,,,,,,
BH1,242,243,0,,,,,,,,,,,,,,,,,,,,,,,
BH1,243,244,0,,,,,,,,,,,,,,,,,,,,,,,
BH1,244,245,0,,,,,,,,,,,,,,,,,,,,,,,
BH1,245,246,0,,,,,,,,,,,,,,,,,,,,,,,
BH1,246,247,0,,,,,,,,,,,,,,,,,,,,,,,
BH1,247,248,0,,,,,,,,,,,,,,,,,,,,,,,
BH1,248,249,0,,,,,,,,,,,,,,,,,,,,,,,
BH1,249,250,0,,,,,,,,,,,,,,,,,,,,,,,
BH1,250,251,0,,,,,,,,,,,,,,,,,,,,,,,
BH1,251,252,0,,,,,,,,,,,,,,,,,,,,,,,
BH1,252,253,0,,,,,,,,,,,,,,,,,,,,,,,
BH1,253,254,0,,,,,,,,,,,,,,,,,,,,,,,
BH2,0,1,0.15,1452,ND,ND,ND,ND,ND,ND,ND,ND,ND,ND,ND,ND,ND,ND,ND,14.19,ND,ND,ND,7.9,1.74,24.14
BH2,1,2,0.01,135,ND,ND,ND,ND,ND,ND,ND,ND,ND,ND,ND,ND,ND,ND,ND,12.1,ND,ND,ND,9.15,1.32,16.47
BH2,2,3,0.16,1550,ND,ND,ND,ND,ND,ND,ND,ND,ND,ND,ND,ND,ND,ND,ND,9.68,ND,ND,ND,6.34,1.21,16.59
BH2,3,4,0.04,377,ND,ND,ND,ND,ND,ND,ND,ND,ND,ND,ND,ND,ND,ND,ND,8.62,ND,ND,ND,6.91,1,11.94
BH2,4,5,0.05,475,ND,18.63,ND,ND,ND,ND,ND,ND,ND,ND,ND,ND,ND,ND,ND,11.6,ND,ND,ND,6,1.44,23.76
BH2,5,6,0.15,1464,ND,37.55,ND,ND,ND,ND,ND,ND,ND,ND,ND,ND,ND,ND,ND,13.81,ND,ND,ND,10.51,2.24,30.6
BH2,6,7,0,,,,,,,,,,,,,,,,,,,,,,,
BH2,7,8,0.03,328,ND,5.33,ND,ND,ND,ND,ND,ND,ND,ND,3.77,ND,ND,ND,ND,9.87,ND,ND,ND,6.56,1.32,14.61
BH2,8,9,0,,,,,,,,,,,,,,,,,,,,,,,
BH2,9,10,0,,,,,,,,,,,,,,,,,,,,,,,
BH2,10,11,0,,,,,,,,,,,,,,,,,,,,,,,
BH2,11,12,0,,,,,,,,,,,,,,,,,,,,,,,
BH2,12,13,0.02,195,ND,ND,ND,ND,ND,ND,ND,ND,ND,ND,ND,ND,ND,ND,ND,8.4,ND,ND,ND,4.66,1.37,16.22
BH2,13,14,0.03,270,ND,18.68,ND,ND,ND,ND,ND,ND,ND,ND,ND,ND,ND,ND,ND,9.26,ND,ND,ND,7.81,1.92,17.4
BH2,14,15,0.05,520,ND,12.75,ND,ND,ND,ND,ND,ND,ND,ND,ND,ND,ND,ND,ND,9.8,ND,ND,ND,4.56,1.84,18.96
BH2,15,16,0.02,171,ND,8.08,ND,ND,ND,ND,ND,ND,ND,ND,ND,ND,ND,ND,ND,6.54,ND,ND,ND,6.37,1.4,16.05
BH2,16,17,0.07,716,ND,ND,ND,ND,ND,ND,ND,ND,ND,ND,ND,ND,ND,ND,ND,9.25,ND,ND,ND,9.03,1.4,18.22
BH2,17,18,0,,,,,,,,,,,,,,,,,,,,,,,
BH2,18,19,0.22,2177,ND,16.99,ND,ND,ND,ND,ND,ND,ND,ND,ND,ND,ND,ND,ND,25.64,ND,ND,ND,5.49,2.7,32.65
BH2,19,20,0.05,472,ND,13.09,ND,ND,ND,ND,ND,ND,ND,ND,ND,ND,ND,ND,ND,26.65,ND,ND,ND,12.71,3.18,23.21
BH2,20,21,0.01,75.06,ND,ND,ND,ND,ND,ND,ND,ND,ND,ND,ND,ND,ND,ND,ND,29.5,ND,ND,ND,4.44,1.82,49.16
BH2,21,22,0,,,,,,,,,,,,,,,,,,,,,,,
BH2,22,23,0.07,712,ND,7.33,ND,,,,,,ND,,,,,20.39,,,,,,,,18.77
BH2,23,24,0.01,113,ND,6.99,ND,,,,,,ND,,,,,21.15,,,,,,,,20.21
BH2,24,25,0.08,783,ND,7.48,ND,,,,,,ND,,,,,23.5,,,,,,,,15.72
BH2,25,26,0.02,192,ND,6.75,ND,,,,,,ND,,,,,12.45,,,,,,,,15
BH2,26,27,0.02,192,ND,6.75,ND,,,,,,ND,,,,,10.33,,,,,,,,8.1
BH2,27,28,0.02,226,ND,9.26,ND,,,,,,ND,,,,,21.33,,,,,,,,7.87
BH2,28,29,0.02,184,ND,8.73,ND,,,,,,ND,,,,,14.52,,,,,,,,11.62
BH2,29,30,0.06,613,ND,11.62,ND,,,,,,ND,,,,,20.7,,,,,,,,13.42
BH2,30,31,0.05,516,ND,10.93,ND,,,,,,ND,,,,,21.49,,,,,,,,21.31
BH2,31,32,0.07,729,ND,11.38,ND,,,,,,ND,,,,,21.79,,,,,,,,16.26
BH2,32,33,0.05,496.09,ND,ND,ND,,,,,,ND,,,,,12.56,,,,,,,,11.28
BH2,33,34,0,,,,,,,,,,,,,,,,,,,,,,,
BH2,34,35,0,41.55,ND,ND,ND,,,,,,ND,,,,,7.9,,,,,,,,6.88
BH2,35,36,0.04,443.93,ND,ND,ND,,,,,,ND,,,,,6.65,,,,,,,,9.28
BH2,36,37,0,,,,,,,,,,,,,,,,,,,,,,,
BH2,37,38,0.01,83.76,ND,ND,ND,,,,,,ND,,,,,6.08,,,,,,,,13.44
BH2,38,39,0.1,1003.84,ND,ND,ND,,,,,,ND,,,,,5.53,,,,,,,,9.01
BH2,39,40,0.09,919.73,ND,ND,ND,,,,,,ND,,,,,6.89,,,,,,,,8.9
BH2,40,41,0,,,,,,,,,,,,,,,,,,,,,,,
BH2,41,42,0.01,68.04,ND,ND,ND,,,,,,ND,,,,,6.89,,,,,,,,10.45
BH2,42,43,0,,,,,,,,,,,,,,,,,,,,,,,
BH2,43,44,0,18.59,ND,ND,ND,,,,,,ND,,,,,5.69,,,,,,,,9.74
BH2,44,45,0.01,109.28,ND,ND,ND,,,,,,ND,,,,,6.59,,,,,,,,7.83
BH2,45,46,0.02,194.66,ND,ND,ND,,,,,,ND,,,,,10.87,,,,,,,,10.77
BH2,46,47,0,,,,,,,,,,,,,,,,,,,,,,,
BH2,47,48,0,,,,,,,,,,,,,,,,,,,,,,,
BH2,48,49,0.11,1140.37,ND,ND,ND,,,,,,ND,,,,,3.8,,,,,,,,29.07
BH2,49,50,0,,,,,,,,,,,,,,,,,,,,,,,
BH2,50,51,0,,,,,,,,,,,,,,,,,,,,,,,
BH2,51,52,0,,,,,,,,,,,,,,,,,,,,,,,
BH2,52,53,0,,,,,,,,,,,,,,,,,,,,,,,
BH2,53,54,0,,,,,,,,,,,,,,,,,,,,,,,
BH2,54,55,0,,,,,,,,,,,,,,,,,,,,,,,
BH2,55,56,0.08,832.41,ND,ND,ND,,,,,,ND,,,,,4.83,,,,,,,,31.7
BH2,56,57,0.03,310.7,ND,ND,ND,,,,,,ND,,,,,ND,,,,,,,,11.77
BH2,57,58,0.01,134.06,ND,ND,ND,,,,,,ND,,,,,26.08,,,,,,,,11.75
BH2,58,59,0,,,,,,,,,,,,,,,,,,,,,,,
BH2,59,60,0,,,,,,,,,,,,,,,,,,,,,,,
BH2,60,61,0,,,,,,,,,,,,,,,,,,,,,,,
BH2,61,62,0,,,,,,,,,,,,,,,,,,,,,,,
BH2,62,63,0,,,,,,,,,,,,,,,,,,,,,,,
BH2,63,64,0,,,,,,,,,,,,,,,,,,,,,,,
BH2,64,65,0,,,,,,,,,,,,,,,,,,,,,,,
BH2,65,66,0.06,629.41,ND,ND,ND,,,,,,ND,,,,,21.14,,,,,,,,32.53
BH2,66,67,0.01,58.2,ND,ND,ND,,,,,,ND,,,,,25.64,,,,,,,,11.09
BH2,67,68,0.01,84.71,ND,3.28,ND,,,,,,ND,,,,,18.54,,,,,,,,9.7
BH2,68,69,0,,,,,,,,,,,,,,,,,,,,,,,
BH2,69,70,0,,,,,,,,,,,,,,,,,,,,,,,
BH2,70,71,0,,,,,,,,,,,,,,,,,,,,,,,
BH2,71,72,0,,,,,,,,,,,,,,,,,,,,,,,
BH2,72,73,0.01,77.78,ND,4.29,ND,,,,,,ND,,,,,24.18,,,,,,,,8.58
BH2,73,74,0,32.38,ND,ND,ND,,,,,,ND,,,,,25.82,,,,,,,,7.12
BH2,74,75,0,,,,,,,,,,,,,,,,,,,,,,,
BH2,75,76,0,,,,,,,,,,,,,,,,,,,,,,,
BH2,76,77,0,,,,,,,,,,,,,,,,,,,,,,,
BH2,77,78,0,,,,,,,,,,,,,,,,,,,,,,,
BH2,78,79,0,5.35,ND,ND,ND,,,,,,ND,,,,,21.11,,,,,,,,7.98
BH2,79,80,0,5.17,ND,3.18,ND,,,,,,ND,,,,,27.13,,,,,,,,12.4
BH2,80,81,0,,,,,,,,,,,,,,,,,,,,,,,
BH2,81,82,0,,,,,,,,,,,,,,,,,,,,,,,
BH2,82,83,0,,,,,,,,,,,,,,,,,,,,,,,
BH2,83,84,0.01,112.09,ND,ND,ND,,,,,,ND,,,,,21.29,,,,,,,,8.86
BH2,84,85,0,6.2,ND,3.57,ND,,,,,,ND,,,,,25.61,,,,,,,,16.91
BH2,85,86,0,,,,,,,,,,,,,,,,,,,,,,,
BH2,86,87,0,,,,,,,,,,,,,,,,,,,,,,,
BH2,87,88,0,,,,,,,,,,,,,,,,,,,,,,,
BH2,88,89,0,,,,,,,,,,,,,,,,,,,,,,,
BH2,89,90,0,9.92,ND,4.68,ND,,,,,,ND,,,,,22.33,,,,,,,,5.91
BH2,90,91,0,17.8,ND,6.09,ND,,,,,,ND,,,,,30.04,,,,,,,,23.38
BH2,91,92,0,1.71,ND,4.88,ND,,,,,,ND,,,,,27.55,,,,,,,,4.88
BH2,92,93,0,3,ND,6.24,ND,,,,,,ND,,,,,26.57,,,,,,,,6.35
BH2,93,94,0,2.58,ND,6.09,ND,,,,,,ND,,,,,31.77,,,,,,,,16.58
BH2,94,95,0,6.74,ND,5.64,ND,,,,,,ND,,,,,23.77,,,,,,,,6.87
BH2,95,96,0,12.67,ND,7.29,ND,,,,,,ND,,,,,33.8,,,,,,,,8.32
BH2,96,97,0,6.92,ND,8.1,ND,,,,,,ND,,,,,31.69,,,,,,,,7.46
BH2,97,98,0.01,78.39,ND,10.14,ND,,,,,,ND,,,,,46.92,,,,,,,,9.61
BH2,98,99,0,,,,,,,,,,,,,,,,,,,,,,,
BH2,99,100,0,,,,,,,,,,,,,,,,,,,,,,,
BH2,100,101,0,,,,,,,,,,,,,,,,,,,,,,,
BH2,101,102,0,12.23,ND,7.04,ND,,,,,,ND,,,,,33.84,,,,,,,,5.67
BH2,102,103,0,20.34,ND,10.58,ND,,,,,,ND,,,,,56.96,,,,,,,,11.2
BH2,103,104,0,,,,,,,,,,,,,,,,,,,,,,,
BH2,104,105,0,,,,,,,,,,,,,,,,,,,,,,,
BH2,105,106,0,,,,,,,,,,,,,,,,,,,,,,,
BH2,106,107,0.01,137.54,ND,9.58,ND,,,,,,ND,,,,,44.32,,,,,,,,11.22
BH2,107,108,0,,,,,,,,,,,,,,,,,,,,,,,
BH2,108,109,0,,,,,,,,,,,,,,,,,,,,,,,
BH2,109,110,0,,,,,,,,,,,,,,,,,,,,,,,
BH2,110,111,0,,,,,,,,,,,,,,,,,,,,,,,
BH2,111,112,0,,,,,,,,,,,,,,,,,,,,,,,
BH2,112,113,0.03,310.86,ND,10.06,ND,,,,,,ND,,,,,42.52,,,,,,,,19.64
BH2,113,114,0,46.68,ND,7.41,ND,,,,,,ND,,,,,41.1,,,,,,,,7.77
BH2,114,115,0,,,,,,,,,,,,,,,,,,,,,,,
BH2,115,116,0,35.01,ND,6.93,ND,,,,,,ND,,,,,40.68,,,,,,,,7.39
BH2,116,117,0,,,,,,,,,,,,,,,,,,,,,,,
BH2,117,118,0,,,,,,,,,,,,,,,,,,,,,,,
BH2,118,119,0,21.87,ND,6.08,ND,,,,,,ND,,,,,36.41,,,,,,,,7.58
BH2,119,120,0,,,,,,,,,,,,,,,,,,,,,,,
BH2,120,121,0,,,,,,,,,,,,,,,,,,,,,,,
BH2,121,122,0,,,,,,,,,,,,,,,,,,,,,,,
BH2,122,123,0,6.45,ND,8.89,ND,,,,,,ND,,,,,60.43,,,,,,,,2.13
BH2,123,124,0,23.27,ND,7.37,ND,,,,,,ND,,,,,41.14,,,,,,,,6.03
BH2,124,125,0,,,,,,,,,,,,,,,,,,,,,,,
BH2,125,126,0,,,,,,,,,,,,,,,,,,,,,,,
BH2,126,127,0,,,,,,,,,,,,,,,,,,,,,,,
BH2,127,128,0,,,,,,,,,,,,,,,,,,,,,,,
BH2,128,129,0,,,,,,,,,,,,,,,,,,,,,,,
BH2,129,130,0,,,,,,,,,,,,,,,,,,,,,,,
BH2,130,131,0,,,,,,,,,,,,,,,,,,,,,,,
BH2,131,132,0,,,,,,,,,,,,,,,,,,,,,,,
BH2,132,133,0,,,,,,,,,,,,,,,,,,,,,,,
BH2,133,134,0,,,,,,,,,,,,,,,,,,,,,,,
BH2,134,135,0,,,,,,,,,,,,,,,,,,,,,,,
BH2,135,136,0,,,,,,,,,,,,,,,,,,,,,,,
BH2,136,137,0,,,,,,,,,,,,,,,,,,,,,,,
BH2,137,138,0,,,,,,,,,,,,,,,,,,,,,,,
BH2,138,139,0,,,,,,,,,,,,,,,,,,,,,,,
BH2,139,140,0,,,,,,,,,,,,,,,,,,,,,,,
BH2,140,141,0.09,892.7,ND,13.12,ND,,,,,,ND,,,,,28.39,,,,,,,,23.08
BH2,141,142,0.04,361.08,ND,5.41,ND,,,,,,ND,,,,,27.1,,,,,,,,13.96
BH2,142,143,0,,,,,,,,,,,,,,,,,,,,,,,
BH2,143,144,0.03,250.7,ND,6.73,ND,,,,,,ND,,,,,42.46,,,,,,,,21.65
BH2,144,145,0.05,537,ND,10.85,ND,,,,,,ND,,,,,56.77,,,,,,,,19.98
BH2,145,146,0.01,67.81,ND,9.51,ND,,,,,,ND,,,,,49.01,,,,,,,,14.19
BH2,146,147,0.01,67.81,ND,9.51,ND,,,,,,ND,,,,,49.01,,,,,,,,14.19
BH2,147,148,0.02,203,ND,10.63,ND,,,,,,ND,,,,,51.45,,,,,,,,14.79
BH2,148,149,0,,,,,,,,,,,,,,,,,,,,,,,
BH2,149,150,0.1,988,ND,10.18,ND,,,,,,ND,,,,,55.5,,,,,,,,15.92
BH2,150,151,0.07,650,ND,7.15,ND,,,,,,ND,,,,,43.04,,,,,,,,29.82
BH2,151,152,0.29,2854,ND,ND,ND,,,,,,ND,,,,,27.57,,,,,,,,16.55
BH2,152,153,0.36,3563,ND,ND,ND,,,,,,ND,,,,,29.29,,,,,,,,21.37
BH2,153,154,0.09,927,ND,ND,ND,,,,,,ND,,,,,29.86,,,,,,,,29
BH2,154,155,0,,,,,,,,,,,,,,,,,,,,,,,
BH2,155,156,0.03,326,ND,ND,ND,,,,,,ND,,,,,28.1,,,,,,,,12.68
BH2,156,157,0.1,1046,ND,ND,ND,,,,,,ND,,,,,29.78,,,,,,,,24.36
BH2,157,158,0,,,,,,,,,,,,,,,,,,,,,,,
BH2,158,159,0,,,,,,,,,,,,,,,,,,,,,,,
BH2,159,160,0.01,88,ND,ND,ND,,,,,,ND,,,,,32.1,,,,,,,,23.2
BH2,160,161,0,,,,,,,,,,,,,,,,,,,,,,,
BH2,161,162,0,,,,,,,,,,,,,,,,,,,,,,,
BH2,162,163,0.07,741,ND,ND,ND,,,,,,ND,,,,,36.02,,,,,,,,25.86
BH2,163,164,0,,,,,,,,,,,,,,,,,,,,,,,
BH2,164,165,0.06,640,ND,ND,ND,,,,,,ND,,,,,25.24,,,,,,,,25.04
BH2,165,166,0.03,296,ND,ND,ND,,,,,,ND,,,,,33.87,,,,,,,,57.28
BH2,166,167,0.03,288,ND,ND,ND,,,,,,ND,,,,,22.55,,,,,,,,22.63
BH2,167,168,0.07,707,ND,ND,ND,,,,,,ND,,,,,29.37,,,,,,,,133.11
BH2,168,169,0.05,510,ND,ND,ND,,,,,,ND,,,,,28.15,,,,,,,,55.2
BH2,169,170,0,,,,,,,,,,,,,,,,,,,,,,,
BH2,170,171,0,,,,,,,,,,,,,,,,,,,,,,,
BH2,171,172,0.08,785,ND,ND,ND,,,,,,ND,,,,,26.49,,,,,,,,126.56
BH2,172,173,0,,,,,,,,,,,,,,,,,,,,,,,
BH2,173,174,0.02,201,ND,ND,ND,,,,,,ND,,,,,30.7,,,,,,,,15.36
BH2,174,175,0,,,,,,,,,,,,,,,,,,,,,,,
BH2,175,176,0,,,,,,,,,,,,,,,,,,,,,,,
BH2,176,177,0.02,172,ND,ND,ND,,,,,,ND,,,,,30.76,,,,,,,,19.04
BH2,177,178,0.02,166,ND,ND,ND,,,,,,ND,,,,,27.93,,,,,,,,14.63
BH2,178,179,0,,,,,,,,,,,,,,,,,,,,,,,
BH2,179,180,0,,,,,,,,,,,,,,,,,,,,,,,
BH2,180,181,0,,,,,,,,,,,,,,,,,,,,,,,
BH2,181,182,0,,,,,,,,,,,,,,,,,,,,,,,
BH2,182,183,0,,,,,,,,,,,,,,,,,,,,,,,
BH2,183,184,0,,,,,,,,,,,,,,,,,,,,,,,
BH2,184,185,0,,,,,,,,,,,,,,,,,,,,,,,
BH2,185,186,0,,,,,,,,,,,,,,,,,,,,,,,
BH2,186,187,0,,,,,,,,,,,,,,,,,,,,,,,
BH2,187,188,0,,,,,,,,,,,,,,,,,,,,,,,
BH2,188,189,0,,,,,,,,,,,,,,,,,,,,,,,
BH2,189,190,0,,,,,,,,,,,,,,,,,,,,,,,
BH2,190,191,0,,,,,,,,,,,,,,,,,,,,,,,
BH2,191,192,0,,,,,,,,,,,,,,,,,,,,,,,
BH2,192,193,0,,,,,,,,,,,,,,,,,,,,,,,
BH2,193,194,0,,,,,,,,,,,,,,,,,,,,,,,
BH2,194,195,0,,,,,,,,,,,,,,,,,,,,,,,
BH2,195,196,0,,,,,,,,,,,,,,,,,,,,,,,
BH3,0,1,0,,,,,,,,,,,,,,,,,,,,,,,
BH3,1,2,0,,,,,,,,,,,,,,,,,,,,,,,
BH3,2,3,0,,,,,,,,,,,,,,,,,,,,,,,
BH3,3,4,0,,,,,,,,,,,,,,,,,,,,,,,
BH3,4,5,0,,,,,,,,,,,,,,,,,,,,,,,
BH3,5,6,0,,,,,,,,,,,,,,,,,,,,,,,
BH3,6,7,0,,,,,,,,,,,,,,,,,,,,,,,
BH3,7,8,0,,,,,,,,,,,,,,,,,,,,,,,
BH3,8,9,0,,,,,,,,,,,,,,,,,,,,,,,
BH3,9,10,0,,,,,,,,,,,,,,,,,,,,,,,
BH3,10,11,0,,,,,,,,,,,,,,,,,,,,,,,
BH3,11,12,0,,,,,,,,,,,,,,,,,,,,,,,
BH3,12,13,0.56,5608,ND,,ND,ND,ND,ND,ND,ND,,ND,23.6,ND,ND,64.44,ND,4.18,ND,ND,ND,1.92,34,
BH3,13,14,0.05,483,ND,,ND,ND,ND,ND,ND,ND,,ND,23.6,ND,ND,64.44,ND,4.18,ND,ND,ND,3.07,34,
BH3,14,15,0.05,483,ND,,ND,ND,ND,ND,ND,ND,,ND,5.23,ND,ND,39.09,ND,12.13,ND,ND,ND,2.89,96.11,
BH3,15,16,0.02,155,ND,,ND,ND,ND,ND,ND,ND,,ND,ND,ND,ND,27,ND,8.25,ND,ND,ND,3.04,74.73,
BH3,16,17,0.03,289,ND,,ND,ND,ND,ND,ND,ND,,ND,ND,ND,ND,32.43,ND,5.41,ND,ND,ND,3.04,101,
BH3,17,18,0,,,,,,,,,,,,,,,,,,,,,,,
BH3,18,19,0.32,3230,ND,,ND,ND,ND,ND,ND,ND,,ND,21.95,ND,ND,49.41,ND,2.13,ND,ND,ND,3.09,90.14,
BH3,19,20,0.32,3230,ND,,ND,ND,ND,ND,ND,ND,,ND,21.95,ND,ND,49.41,ND,2.13,ND,ND,ND,3.09,90.14,
BH3,20,21,0.07,740,ND,,ND,ND,ND,ND,ND,ND,,ND,ND,ND,ND,34.74,ND,8.38,ND,ND,ND,3.22,51.6,
BH3,21,22,0.05,488,ND,,ND,ND,ND,ND,ND,ND,,ND,ND,ND,ND,35.65,ND,18.93,ND,ND,ND,3.6,95,
BH3,22,23,0.16,1614,ND,,ND,ND,ND,ND,ND,ND,,ND,ND,ND,ND,39.59,ND,21.46,ND,ND,ND,3.5,91.2,
BH3,23,24,0.24,2359,ND,,ND,ND,ND,ND,ND,ND,,ND,ND,ND,ND,36.37,ND,31,ND,ND,ND,3.74,48.22,
BH3,24,25,0,,,,,,,,,,,,,,,,,,,,,,,
BH3,25,26,0,,,,,,,,,,,,,,,,,,,,,,,
BH3,26,27,0,,,,,,,,,,,,,,,,,,,,,,,
BH3,27,28,0.02,196,ND,,ND,ND,ND,ND,ND,ND,,ND,ND,ND,ND,36.43,ND,9.55,ND,ND,ND,2.25,23.82,
BH3,28,29,0.02,196,ND,,ND,ND,ND,ND,ND,ND,,ND,ND,ND,ND,36.43,ND,9.55,ND,ND,ND,2.25,23.82,
BH3,29,30,0.13,1302,ND,,ND,ND,ND,ND,ND,ND,,ND,ND,ND,ND,30.01,ND,7.03,ND,ND,ND,2.92,42.4,
BH3,30,31,0.13,1302,ND,,ND,ND,ND,ND,ND,ND,,ND,ND,ND,ND,30.01,ND,7.03,ND,ND,ND,2.92,42.4,
BH3,31,32,0.01,140,ND,,ND,ND,ND,ND,ND,ND,,ND,ND,ND,ND,28.05,ND,5.79,ND,ND,ND,1.13,39.03,
BH3,32,33,0,,,,,,,,,,,,,,,,,,,,,,,
BH3,33,34,0.17,1683,ND,,ND,ND,ND,ND,ND,ND,,ND,ND,ND,ND,51,ND,8.48,ND,ND,ND,3.49,2.83,
BH3,34,35,0.17,1683,ND,,ND,ND,ND,ND,ND,ND,,ND,ND,ND,ND,51,ND,8.48,ND,ND,ND,3.49,2.83,
BH3,35,36,0.02,246,ND,,ND,ND,ND,ND,ND,ND,,ND,ND,ND,ND,41,ND,10.87,ND,ND,ND,3.64,3.37,
BH3,36,37,0,,,,,,,,,,,,,,,,,,,,,,,
BH3,37,38,0,,,,,,,,,,,,,,,,,,,,,,,
BH3,38,39,0,,,,,,,,,,,,,,,,,,,,,,,
BH3,39,40,0.06,624,ND,,ND,ND,ND,ND,ND,ND,,ND,ND,ND,ND,47,ND,4.38,ND,ND,ND,1.94,18.28,
BH3,40,41,0.06,624,ND,,ND,ND,ND,ND,ND,ND,,ND,ND,ND,ND,47,ND,4.38,ND,ND,ND,1.94,18.28,
BH3,41,42,0,,,,,,,,,,,,,,,,,,,,,,,
BH3,42,43,0,,,,,,,,,,,,,,,,,,,,,,,
BH3,43,44,0,,,,,,,,,,,,,,,,,,,,,,,
BH3,44,45,0,,,,,,,,,,,,,,,,,,,,,,,
BH3,45,46,0,,,,,,,,,,,,,,,,,,,,,,,
BH3,46,47,0,,,,,,,,,,,,,,,,,,,,,,,
BH3,47,48,0,,,,,,,,,,,,,,,,,,,,,,,
BH3,48,49,0,,,,,,,,,,,,,,,,,,,,,,,
BH3,49,50,0,,,,,,,,,,,,,,,,,,,,,,,
BH3,50,51,0,,,,,,,,,,,,,,,,,,,,,,,
BH3,51,52,0,,,,,,,,,,,,,,,,,,,,,,,
BH3,52,53,0,,,,,,,,,,,,,,,,,,,,,,,
BH3,53,54,0,,,,,,,,,,,,,,,,,,,,,,,
BH3,54,55,0,,,,,,,,,,,,,,,,,,,,,,,
BH3,55,56,0,,,,,,,,,,,,,,,,,,,,,,,
BH3,56,57,0,,,,,,,,,,,,,,,,,,,,,,,
BH3,57,58,0,,,,,,,,,,,,,,,,,,,,,,,
BH3,58,59,0,,,,,,,,,,,,,,,,,,,,,,,
BH3,59,60,0,,,,,,,,,,,,,,,,,,,,,,,
BH3,60,61,0,,,,,,,,,,,,,,,,,,,,,,,
BH3,61,62,0,,,,,,,,,,,,,,,,,,,,,,,
BH3,62,63,0.88,8797,ND,,ND,ND,ND,ND,ND,ND,,ND,ND,ND,ND,91,ND,,ND,ND,ND,3.2,3372,
BH3,63,64,0.88,8797,ND,,ND,ND,ND,ND,ND,ND,,ND,ND,ND,ND,91,ND,,ND,ND,ND,3.2,3372,
BH3,64,65,0,,,,,,,,,,,,,,,,,,,,,,,
BH3,65,66,0.95,9506,ND,,ND,ND,ND,ND,ND,ND,,ND,ND,ND,ND,83,ND,0.8,ND,ND,ND,3.36,40.49,
BH3,66,67,0.95,9506,ND,,ND,ND,ND,ND,ND,ND,,ND,48.26,ND,ND,83,ND,0.8,ND,ND,ND,3.36,40.49,
BH3,67,68,0.67,6692,ND,,ND,ND,ND,ND,ND,ND,,ND,48.26,ND,ND,91.48,ND,5.71,ND,ND,ND,3.05,25.39,
BH3,68,69,0.53,5252,ND,,ND,ND,ND,ND,ND,ND,,ND,30.31,ND,ND,81.04,ND,5.46,ND,ND,ND,3.09,25.39,
BH3,69,70,0.6,6044,ND,,ND,ND,ND,ND,ND,ND,,ND,23.13,ND,ND,77.58,ND,2.51,ND,ND,ND,3.27,43.53,
BH3,70,71,1.2,11962,ND,,ND,ND,ND,ND,ND,ND,,ND,24.31,ND,ND,94.82,ND,6.48,ND,ND,ND,3.62,27.93,
BH3,71,72,0.62,6163,ND,,ND,ND,ND,ND,ND,ND,,ND,29.51,ND,ND,94.82,ND,0.55,ND,ND,ND,2.18,27.93,
BH3,72,73,0.66,6638,ND,,ND,ND,ND,ND,ND,ND,,ND,35.54,ND,ND,87.79,ND,9.21,ND,ND,ND,2.85,17.54,
BH3,73,74,0.19,1850,ND,,ND,ND,ND,ND,ND,ND,,ND,38.74,ND,ND,55.28,ND,9.21,ND,ND,ND,3.26,17.54,
BH3,74,75,0.02,184,ND,,ND,ND,ND,ND,ND,ND,,ND,6.06,ND,ND,56.57,ND,6.52,ND,ND,ND,2.92,29.46,
BH3,75,76,0,,,,,,,,,,,,,,,,,,,,,,,
BH3,76,77,0,,,,,,,,,,,,,,,,,,,,,,,
BH3,77,78,0,18.37,ND,,ND,ND,ND,ND,ND,ND,,ND,6.5,ND,ND,50.62,ND,7.49,ND,ND,ND,2.55,22.93,
BH3,78,79,0,,,,,,,,,,,,,,,,,,,,,,,
BH3,79,80,0,,,,,,,,,,,,,,,,,,,,,,,
BH3,80,81,0.02,150,ND,,ND,ND,ND,ND,ND,ND,,ND,5.85,ND,ND,60.28,ND,4.37,ND,ND,ND,2.58,23.53,
BH3,81,82,0,,,,,,,,,,,,,,,,,,,,,,,
BH3,82,83,0,34.16,ND,,ND,ND,ND,ND,ND,ND,,ND,ND,ND,ND,43.66,ND,ND,ND,ND,ND,0.73,29.42,
BH3,83,84,0,34.16,ND,,ND,ND,ND,ND,ND,ND,,ND,ND,ND,ND,43.66,ND,ND,ND,ND,ND,0.73,29.42,
BH3,84,85,0,,,,,,,,,,,,,,,,,,,,,,,
BH3,85,86,0.11,1083,ND,,ND,ND,ND,ND,ND,ND,,ND,ND,ND,ND,53.84,ND,3.15,ND,ND,ND,3.19,35.53,
BH3,86,87,0.05,522,ND,,ND,ND,ND,ND,ND,ND,,ND,ND,ND,ND,59.25,ND,29.94,ND,ND,ND,3.28,51.29,
BH3,87,88,0.05,522,ND,,ND,ND,ND,ND,ND,ND,,ND,ND,ND,ND,59.3,ND,29.94,ND,ND,ND,3.28,51.29,
BH3,88,89,0.07,700,ND,,ND,ND,ND,ND,ND,ND,,ND,ND,ND,ND,70.09,ND,1.79,ND,ND,ND,2.14,68.73,
BH3,89,90,0.12,1201,ND,,ND,ND,ND,ND,ND,ND,,ND,ND,ND,ND,100,ND,1.01,ND,ND,ND,2.55,67.51,
BH3,90,91,0.03,331,ND,,ND,ND,ND,ND,ND,ND,,ND,ND,ND,ND,58.31,ND,13.49,ND,ND,ND,3.42,32.73,
BH3,91,92,0.03,331,ND,,ND,ND,ND,ND,ND,ND,,ND,ND,ND,ND,58.31,ND,13.49,ND,ND,ND,3.42,32.73,
BH3,92,93,0.01,144,ND,,ND,ND,ND,ND,ND,ND,,ND,ND,ND,ND,27.87.27.87,ND,6.47,ND,ND,ND,3.17,21.2,
BH3,93,94,0.01,144,ND,,ND,ND,ND,ND,ND,ND,,ND,ND,ND,ND,87.27,ND,6.47,ND,ND,ND,3.17,21.2,
BH3,94,95,0.02,167,ND,,ND,ND,ND,ND,ND,ND,,ND,ND,ND,ND,65.92,ND,3.48,ND,ND,ND,3.97,32.71,
BH3,95,96,0.02,167,ND,,ND,ND,ND,ND,ND,ND,,ND,ND,ND,ND,65.92,ND,3.48,ND,ND,ND,3.97,32.71,
BH3,96,97,0,,,,,,,,,,,,,,,,,,,,,,,
BH3,97,98,0,,,,,,,,,,,,,,,,,,,,,,,
BH3,98,99,0.03,272,ND,,ND,ND,ND,ND,ND,ND,,ND,ND,ND,ND,25.58,ND,10.43,ND,ND,ND,3.83,28.75,
BH3,99,100,0.03,272,ND,,ND,ND,ND,ND,ND,ND,,ND,ND,ND,ND,25.58,ND,10.43,ND,ND,ND,3.83,28.75,
BH3,100,101,0.04,435,ND,,ND,ND,ND,ND,ND,ND,,ND,ND,ND,ND,26.23,ND,11.99,ND,ND,ND,3.23,30.6,
BH3,101,102,0.12,1168,ND,,ND,ND,ND,ND,ND,ND,,ND,ND,ND,ND,30.01,ND,14.31,ND,ND,ND,3.35,26.72,
BH3,102,103,0.01,121,ND,,ND,ND,ND,ND,ND,ND,,ND,ND,ND,ND,28.16,ND,7.92,ND,ND,ND,3.01,30.01,
BH3,103,104,0.04,425,ND,,ND,ND,ND,ND,ND,ND,,ND,ND,ND,ND,27.85,ND,10.41,ND,ND,ND,3.42,37.17,
BH3,104,105,0.04,425,ND,,ND,ND,ND,ND,ND,ND,,ND,ND,ND,ND,,ND,15.25,ND,ND,ND,3.7,40.37,
BH3,105,106,0.01,140,ND,,ND,ND,ND,ND,ND,ND,,ND,ND,ND,ND,33.33,ND,9.82,ND,ND,ND,3,36.7,
BH3,106,107,0,,,,,,,,,,,,,,,,,,,,,,,
BH3,107,108,0,,,,,,,,,,,,,,,,,,,,,,,
BH3,108,109,0.06,557,ND,,ND,ND,ND,ND,ND,ND,,ND,ND,ND,ND,27.93,ND,12.06,ND,ND,ND,4.31,68.82,
BH3,109,110,0,,,,,,,,,,,,,,,,,,,,,,,
BH3,110,111,0,,,,,,,,,,,,,,,,,,,,,,,
BH3,111,112,0,,,,,,,,,,,,,,,,,,,,,,,
BH3,112,113,0,,,,,,,,,,,,,,,,,,,,,,,
BH3,113,114,0,,,,,,,,,,,,,,,,,,,,,,,
BH3,114,115,0.03,284,ND,,ND,ND,ND,ND,ND,ND,,ND,ND,ND,ND,28.83,ND,6.11,ND,ND,ND,1.87,22.18,
BH3,115,116,0,,,,,,,,,,,,,,,,,,,,,,,
BH3,116,117,0,,,,,,,,,,,,,,,,,,,,,,,
BH3,117,118,0,,,,,,,,,,,,,,,,,,,,,,,
BH3,118,119,0,,,,,,,,,,,,,,,,,,,,,,,
BH3,119,120,0,,,,,,,,,,,,,,,,,,,,,,,
BH3,120,121,0,39.76,ND,,ND,ND,ND,ND,ND,ND,,ND,3.96,ND,ND,36,ND,9.8,ND,ND,ND,3.24,25,
BH3,121,122,0,39.76,ND,,ND,ND,ND,ND,ND,ND,,ND,3.96,ND,ND,36,ND,9.8,ND,ND,ND,3.24,25,
BH3,122,123,0.03,331,ND,,ND,ND,ND,ND,ND,ND,,ND,3.3,ND,ND,55.6,ND,4.74,ND,ND,ND,1.96,32.38,
BH3,123,124,0.03,331,ND,,ND,ND,ND,ND,ND,ND,,ND,5.39,ND,ND,48,ND,11.16,ND,ND,ND,2.17,23.52,
BH3,124,125,0.01,148,ND,,ND,ND,ND,ND,ND,ND,,ND,5.39,ND,ND,39,ND,11.2,ND,ND,ND,2.17,22,
BH3,125,126,0.01,51.65,ND,,ND,ND,ND,ND,ND,ND,,ND,2.93,ND,ND,30,ND,3.02,ND,ND,ND,2.35,26.72,
BH3,126,127,0,35.47,ND,,ND,ND,ND,ND,ND,ND,,ND,2,ND,ND,22,ND,8.39,ND,ND,ND,2.67,26.72,
BH3,127,128,0.1,1013,ND,,ND,ND,ND,ND,ND,ND,,ND,1.05,ND,ND,22,ND,0.67,ND,ND,ND,3.23,27.9,
BH3,128,129,0,,,,,,,,,,,,,,,,,,,,,,,
BH3,129,130,0,,,,,,,,,,,,,,,,,,,,,,,
BH3,130,131,0,,,,,,,,,,,,,,,,,,,,,,,
BH3,131,132,0,,,,,,,,,,,,,,,,,,,,,,,
BH3,132,133,0,,,,,,,,,,,,,,,,,,,,,,,
BH3,133,134,0,,,,,,,,,,,,,,,,,,,,,,,
BH3,134,135,0,,,,,,,,,,,,,,,,,,,,,,,
BH3,135,136,0,,,,,,,,,,,,,,,,,,,,,,,
BH3,136,137,0,,,,,,,,,,,,,,,,,,,,,,,
BH3,137,138,0,,,,,,,,,,,,,,,,,,,,,,,
BH3,138,139,0,36.83,ND,,ND,ND,ND,ND,ND,ND,,ND,ND,ND,ND,29.62,ND,21.46,ND,ND,ND,3.5,28.74,
BH3,139,140,0,36.83,ND,,ND,ND,ND,ND,ND,ND,,ND,ND,ND,ND,29.62,ND,21.46,ND,ND,ND,3.5,28.74,
BH3,140,141,0,,,,,,,,,,,,,,,,,,,,,,,
BH3,141,142,0,,,,,,,,,,,,,,,,,,,,,,,
BH3,142,143,0,,,,,,,,,,,,,,,,,,,,,,,
BH3,143,144,0,,,,,,,,,,,,,,,,,,,,,,,
BH3,144,145,0,,,,,,,,,,,,,,,,,,,,,,,
BH3,145,146,0,,,,,,,,,,,,,,,,,,,,,,,
BH3,146,147,0,,,,,,,,,,,,,,,,,,,,,,,
BH3,147,148,0.05,467,ND,,ND,ND,ND,ND,ND,ND,,ND,,ND,ND,37.62,ND,21,ND,ND,ND,"3,74",13.78,
BH3,148,149,0.05,467,ND,,ND,ND,ND,ND,ND,ND,,ND,,ND,ND,37.62,ND,21,ND,ND,ND,3.74,13.78,
BH3,149,150,0.04,429,ND,,ND,ND,ND,ND,ND,ND,,ND,,ND,ND,52.29,ND,9.55,ND,ND,ND,2.25,13,
BH3,150,151,0.04,429,ND,,ND,ND,ND,ND,ND,ND,,ND,,ND,ND,52.29,ND,9.55,ND,ND,ND,2.25,13,
BH3,151,152,0,31.2,ND,,ND,ND,ND,ND,ND,ND,,ND,,ND,ND,35,ND,7.03,ND,ND,ND,2.92,9.02,
BH3,152,153,0,31.2,ND,,ND,ND,ND,ND,ND,ND,,ND,,ND,ND,35,ND,7.03,ND,ND,ND,2.92,9.02,
BH3,153,154,0,4.89,ND,,ND,ND,ND,ND,ND,ND,,ND,ND,ND,ND,61.44,ND,5.79,ND,ND,ND,1.13,11.02,
BH3,154,155,0,4.89,ND,,ND,ND,ND,ND,ND,ND,,ND,ND,ND,ND,61.44,ND,8.48,ND,ND,ND,1.87,11.02,
BH3,155,156,0,,,,,,,,,,,,,,,,,,,,,,,
BH3,156,157,0,,,,,,,,,,,,,,,,,,,,,,,
BH3,157,158,0,45.11,ND,,ND,ND,ND,ND,ND,ND,,ND,ND,ND,ND,62.71,ND,10.87,ND,ND,ND,3.64,15.68,
BH3,158,159,0,45.11,ND,,ND,ND,ND,ND,ND,ND,,ND,ND,ND,ND,62.71,ND,10.87,ND,ND,ND,3.64,15.68,
BH3,159,160,0,30.44,ND,,ND,ND,ND,ND,ND,ND,,ND,ND,ND,ND,75.17,ND,8.77,ND,ND,ND,3.09,15.78,
BH3,160,161,0,30.44,ND,,ND,ND,ND,ND,ND,ND,,ND,ND,ND,ND,75.17,ND,8.77,ND,ND,ND,3.09,15.78,
BH3,161,162,0.02,152,ND,,ND,ND,ND,ND,ND,ND,,ND,2.4,ND,ND,30.89,ND,19.26,ND,ND,ND,3.05,32.41,
BH3,162,163,0.02,152,ND,,ND,ND,ND,ND,ND,ND,,ND,2.4,ND,ND,30.89,ND,35.86,ND,ND,ND,3.05,32.41,
BH3,163,164,0.04,430,ND,,ND,ND,ND,ND,ND,ND,,ND,2.7,ND,ND,24.66,ND,35.86,ND,ND,ND,4.05,32,
BH3,164,165,0.03,259,ND,,ND,ND,ND,ND,ND,ND,,ND,0.82,ND,ND,20.6,ND,17.81,ND,ND,ND,4.6,36,
BH3,165,166,0.03,259,ND,,ND,ND,ND,ND,ND,ND,,ND,0.82,ND,ND,20.6,ND,17.81,ND,ND,ND,"4,6",36,
BH3,166,167,0.03,265,ND,,ND,ND,ND,ND,ND,ND,,ND,ND,ND,ND,21,ND,13.9,ND,ND,ND,4.92,37,
BH3,167,168,0.01,60,ND,,ND,ND,ND,ND,ND,ND,,ND,8.69,ND,ND,27,ND,21.07,ND,ND,ND,4.04,280,
BH3,168,169,0.01,94.64,ND,,ND,ND,ND,ND,ND,ND,,ND,1.51,ND,ND,38,ND,16.96,ND,ND,ND,3,31.53,
BH3,169,170,0.02,165,ND,,ND,ND,ND,ND,ND,ND,,ND,1.51,ND,ND,25.6,ND,15.32,ND,ND,ND,3.49,63.54,
BH3,170,171,0.02,165,ND,,ND,ND,ND,ND,ND,ND,,ND,ND,ND,ND,25.6,ND,15.32,ND,ND,ND,3.49,63.54,
BH3,171,172,0.02,177,ND,,ND,ND,ND,ND,ND,ND,,ND,6.17,ND,ND,17.61,ND,33.83,ND,ND,ND,4.66,56.74,
BH3,172,173,0.01,146,ND,,ND,ND,ND,ND,ND,ND,,ND,5.46,ND,ND,35,ND,29.27,ND,ND,ND,6.11,42,
BH3,173,174,0.04,438,ND,,ND,ND,ND,ND,ND,ND,,ND,11.94,ND,ND,37.46,ND,25.007,ND,ND,ND,5.99,52.47,
BH3,174,175,0.02,234,ND,,ND,ND,ND,ND,ND,ND,,ND,8.94,ND,ND,21.14,ND,23.84,ND,ND,ND,6.52,73.1,
BH3,175,176,0.01,66,ND,,ND,ND,ND,ND,ND,ND,,ND,5.91,ND,ND,42.82,ND,22.9,ND,ND,ND,7.46,63.35,
BH3,176,177,0,24.32,ND,,ND,ND,ND,ND,ND,ND,,ND,5.05,ND,ND,33.3,ND,29.24,ND,ND,ND,6.92,42,
BH3,177,178,0.08,833,ND,,ND,ND,ND,ND,ND,ND,,ND,4.47,ND,ND,26.39,ND,14.48,ND,ND,ND,3.59,162,
BH3,178,179,0,,,,,,,,,,,,,,,,,,,,,,,
BH3,179,180,0,,,,,,,,,,,,,,,,,,,,,,,
BH3,180,181,0,,,,,,,,,,,,,,,,,,,,,,,
BH3,181,182,0.02,152,ND,,ND,ND,ND,ND,ND,ND,,ND,2.65,ND,ND,29.9,ND,11.32,ND,ND,ND,6.64,116,
BH3,182,183,0.1,972,ND,,ND,ND,ND,ND,ND,ND,,ND,ND,ND,ND,38.23,ND,14.11,ND,ND,ND,2.42,1037,
BH3,183,184,0,,,,,,,,,,,,,,,,,,,,,,,
BH3,184,185,0,,,,,,,,,,,,,,,,,,,,,,,
BH3,185,186,0,,,,,,,,,,,,,,,,,,,,,,,
BH3,186,187,0,,,,,,,,,,,,,,,,,,,,,,,
BH3,187,188,0,,,,,,,,,,,,,,,,,,,,,,,
BH3,188,189,0,,,,,,,,,,,,,,,,,,,,,,,
BH3,189,190,0,,,,,,,,,,,,,,,,,,,,,,,
BH3,190,191,0,,,,,,,,,,,,,,,,,,,,,,,
BH3,191,192,0.02,171,ND,,ND,ND,ND,ND,ND,ND,,ND,1.43,ND,ND,16.92,ND,,ND,ND,ND,3.37,143,
BH3,192,193,0.02,171,ND,,ND,ND,ND,ND,ND,ND,,ND,1.43,ND,ND,16.92,ND,3.49,ND,ND,ND,3.37,143,
BH3,193,194,0.01,146,ND,,ND,ND,ND,ND,ND,ND,,ND,0.61,ND,ND,14.51,ND,3.49,ND,ND,ND,0.87,56.65,
BH3,194,195,0,,,,,,,,,,,,,,,,,,,,,,,
BH3,195,196,0,,,,,,,,,,,,,,,,,,,,,,,
BH3,196,197,0,,,,,,,,,,,,,,,,,,,,,,,
BH3,197,198,0,,,,,,,,,,,,,,,,,,,,,,,
BH3,198,199,0.06,600,ND,,ND,ND,ND,ND,ND,ND,,ND,0.49,ND,ND,17.74,ND,10.23,ND,ND,ND,0.95,290,
BH3,199,200,0.06,600,ND,,ND,ND,ND,ND,ND,ND,,ND,0.49,ND,ND,17.74,ND,10.23,ND,ND,ND,0.95,290,
BH3,200,201,0.05,471,ND,,ND,ND,ND,ND,ND,ND,,ND,0.9,ND,ND,27.64,ND,8.94,ND,ND,ND,2.74,116,
BH3,201,202,0.01,127,ND,,ND,ND,ND,ND,ND,ND,,ND,0.9,ND,ND,27.36,ND,8.94,ND,ND,ND,6.11,1037,
BH3,202,203,0.01,127,ND,,ND,ND,ND,ND,ND,ND,,ND,1.81,ND,ND,27.36,ND,20.99,ND,ND,ND,6.11,1037,
BH3,203,204,0.03,284,ND,,ND,ND,ND,ND,ND,ND,,ND,1.94,ND,ND,23.98,ND,13.41,ND,ND,ND,5.4,143,
BH3,204,205,0,,,,,,,,,,,,,,,,,,,,,,,
BH3,205,206,0.07,675,ND,,ND,ND,ND,ND,ND,ND,,ND,2.77,ND,ND,31.42,ND,9.43,ND,ND,ND,8.82,56.65,
BH3,206,207,0.07,675,ND,,ND,ND,ND,ND,ND,ND,,ND,2.77,ND,ND,31.42,ND,9.43,ND,ND,ND,8.82,56.65,
BH3,207,208,0.11,1104,ND,,ND,ND,ND,ND,ND,ND,,ND,2.96,ND,ND,33.25,ND,8.91,ND,ND,ND,2.52,56.11,
BH3,208,209,0.08,805,ND,,ND,ND,ND,ND,ND,ND,,ND,6.23,ND,ND,45.21,ND,16.84,ND,ND,ND,9.56,290,
BH3,209,210,0,,,,,,,,,,,,,,,,,,,,,,,
BH3,210,211,0,,,,,,,,,,,,,,,,,,,,,,,
BH3,211,212,0,,,,,,,,,,,,,,,,,,,,,,,
BH3,212,213,0,,,,,,,,,,,,,,,,,,,,,,,
BH3,213,214,0,,,,,,,,,,,,,,,,,,,,,,,
BH3,214,215,0,,,,,,,,,,,,,,,,,,,,,,,
BH3,215,216,0,,,,,,,,,,,,,,,,,,,,,,,
BH3,216,217,0,,,,,,,,,,,,,,,,,,,,,,,
BH3,217,218,0,,,,,,,,,,,,,,,,,,,,,,,
BH4,0,1,0,,,,,,,,,,,,,,,,,,,,,,,
BH4,1,2,0,,,,,,,,,,,,,,,,,,,,,,,
BH4,2,3,0,,,,,,,,,,,,,,,,,,,,,,,
BH4,3,4,0,,,,,,,,,,,,,,,,,,,,,,,
BH4,4,5,0,,,,,,,,,,,,,,,,,,,,,,,
BH4,5,6,0,,,,,,,,,,,,,,,,,,,,,,,
BH4,6,7,0,,,,,,,,,,,,,,,,,,,,,,,
BH4,7,8,0,,,,,,,,,,,,,,,,,,,,,,,
BH4,8,9,0,,,,,,,,,,,,,,,,,,,,,,,
BH4,9,10,0,,,,,,,,,,,,,,,,,,,,,,,
BH4,10,11,0,,,,,,,,,,,,,,,,,,,,,,,
BH4,11,12,0,,,,,,,,,,,,,,,,,,,,,,,
BH4,12,13,0.35,3532,ND,,ND,,ND,ND,ND,ND,,ND,9.15,ND,ND,44.27,ND,6.61,ND,ND,ND,,3.54,518
BH4,13,14,0.35,3532,ND,,ND,,ND,ND,ND,ND,,ND,9.15,ND,ND,44.27,ND,6.61,ND,ND,ND,,3.54,518
BH4,14,15,0.07,659,ND,,ND,,ND,ND,ND,ND,,ND,11.2,ND,ND,63.65,ND,9.12,ND,ND,ND,,3.95,152
BH4,15,16,0.15,1489,ND,,ND,,ND,ND,ND,ND,,ND,3.06,ND,ND,37.82,ND,14.64,ND,ND,ND,,3.31,
BH4,16,17,0.17,1651,ND,,ND,,ND,ND,ND,ND,,ND,4.67,ND,ND,46.01,ND,11.39,ND,ND,ND,,3.58,219
BH4,17,18,0.18,1784,ND,,ND,,ND,ND,ND,ND,,ND,1.85,ND,ND,60.31,ND,5.89,ND,ND,ND,,3.15,110
BH4,18,19,0.02,237,ND,,ND,,ND,ND,ND,ND,,ND,1.11,ND,ND,34.61,ND,7.66,ND,ND,ND,,2.19,43.35
BH4,19,20,0.05,511,ND,,ND,ND,ND,ND,ND,ND,,ND,1.11,ND,ND,34.1,ND,7.66,ND,,,,3.52,60.25
BH4,20,21,0.03,327,ND,,ND,ND,ND,ND,ND,ND,,ND,1.28,ND,ND,33.59,ND,7.93,ND,,,,3.02,46.26
BH4,21,22,0.13,1296,ND,,ND,ND,ND,ND,ND,ND,,ND,1.18,ND,ND,47.86,ND,9.73,ND,,,,3.81,65.48
BH4,22,23,0.16,1577,ND,,ND,ND,ND,ND,ND,ND,,ND,2.23,ND,ND,45.24,ND,13.13,ND,,,,3.44,66.67
BH4,23,24,0.19,1902,ND,,ND,ND,ND,ND,ND,ND,,ND,1,ND,ND,54.52,ND,11.12,ND,,,,3.13,103
BH4,24,25,0,,,,,,,,,,,,,,,,,,,,,,,
BH4,25,26,0,,,,,,,,,,,,,,,,,,,,,,,
BH4,26,27,0,,,,,,,,,,,,,,,,,,,,,,,
BH4,27,28,0,,,,,,,,,,,,,,,,,,,,,,,
BH4,28,29,0,,,,,,,,,,,,,,,,,,,,,,,
BH4,29,30,0,,,,,,,,,,,,,,,,,,,,,,,
BH4,30,31,0,,,,,,,,,,,,,,,,,,,,,,,
BH4,31,32,0,,,,,,,,,,,,,,,,,,,,,,,
BH4,32,33,0,,,,,,,,,,,,,,,,,,,,,,,
BH4,33,34,0,,,,,,,,,,,,,,,,,,,,,,,
BH4,34,35,0,,,,,,,,,,,,,,,,,,,,,,,
BH4,35,36,0,,,,,,,,,,,,,,,,,,,,,,,
BH4,36,37,0,,,,,,,,,,,,,,,,,,,,,,,
BH4,37,38,0,,,,,,,,,,,,,,,,,,,,,,,
BH4,38,39,0,,,,,,,,,,,,,,,,,,,,,,,
BH4,39,40,0,,,,,,,,,,,,,,,,,,,,,,,
BH4,40,41,0,,,,,,,,,,,,,,,,,,,,,,,
BH4,41,42,0,,,,,,,,,,,,,,,,,,,,,,,
BH4,42,43,0,,,,,,,,,,,,,,,,,,,,,,,
BH4,43,44,0,,,,,,,,,,,,,,,,,,,,,,,
BH4,44,45,0,,,,,,,,,,,,,,,,,,,,,,,
BH4,45,46,0,,,,,,,,,,,,,,,,,,,,,,,
BH4,46,47,0,,,,,,,,,,,,,,,,,,,,,,,
BH4,47,48,0,,,,,,,,,,,,,,,,,,,,,,,
BH4,48,49,0,,,,,,,,,,,,,,,,,,,,,,,
BH4,49,50,0,,,,,,,,,,,,,,,,,,,,,,,
BH4,50,51,0,,,,,,,,,,,,,,,,,,,,,,,
BH4,51,52,0,,,,,,,,,,,,,,,,,,,,,,,
BH4,52,53,0,,,,,,,,,,,,,,,,,,,,,,,
BH4,53,54,0,,,,,,,,,,,,,,,,,,,,,,,
BH4,54,55,0,,,,,,,,,,,,,,,,,,,,,,,
BH4,55,56,0,,,,,,,,,,,,,,,,,,,,,,,
BH4,56,57,0,,,,,,,,,,,,,,,,,,,,,,,
BH4,57,58,0,,,,,,,,,,,,,,,,,,,,,,,
BH4,58,59,0,,,,,,,,,,,,,,,,,,,,,,,
BH4,59,60,0,,,,,,,,,,,,,,,,,,,,,,,
BH4,60,61,0,,,,,,,,,,,,,,,,,,,,,,,
BH4,61,62,0,,,,,,,,,,,,,,,,,,,,,,,
BH4,62,63,0,,,,,,,,,,,,,,,,,,,,,,,
BH4,63,64,0,,,,,,,,,,,,,,,,,,,,,,,
BH4,64,65,0,,,,,,,,,,,,,,,,,,,,,,,
BH4,65,66,0,,,,,,,,,,,,,,,,,,,,,,,
BH4,66,67,0,,,,,,,,,,,,,,,,,,,,,,,
BH4,67,68,0,,,,,,,,,,,,,,,,,,,,,,,
BH4,68,69,0,,,,,,,,,,,,,,,,,,,,,,,
BH4,69,70,0,,,,,,,,,,,,,,,,,,,,,,,
BH4,70,71,0,,,,,,,,,,,,,,,,,,,,,,,
BH4,71,72,0,,,,,,,,,,,,,,,,,,,,,,,
BH4,72,73,0,,,,,,,,,,,,,,,,,,,,,,,
BH4,73,74,0,,,,,,,,,,,,,,,,,,,,,,,
BH4,74,75,0,,,,,,,,,,,,,,,,,,,,,,,
BH4,75,76,0,,,,,,,,,,,,,,,,,,,,,,,
BH4,76,77,0,,,,,,,,,,,,,,,,,,,,,,,
BH4,77,78,0,,,,,,,,,,,,,,,,,,,,,,,
BH4,78,79,0,,,,,,,,,,,,,,,,,,,,,,,
BH4,79,80,0,,,,,,,,,,,,,,,,,,,,,,,
BH4,80,81,0,,,,,,,,,,,,,,,,,,,,,,,
BH4,81,82,0,,,,,,,,,,,,,,,,,,,,,,,
BH4,82,83,0,,,,,,,,,,,,,,,,,,,,,,,
BH4,83,84,0,,,,,,,,,,,,,,,,,,,,,,,
BH4,84,85,0,,,,,,,,,,,,,,,,,,,,,,,
BH4,85,86,0,,,,,,,,,,,,,,,,,,,,,,,
BH4,86,87,0,,,,,,,,,,,,,,,,,,,,,,,
BH4,87,88,0,,,,,,,,,,,,,,,,,,,,,,,
BH4,88,89,0,,,,,,,,,,,,,,,,,,,,,,,
BH4,89,90,0,,,,,,,,,,,,,,,,,,,,,,,
BH4,90,91,0,,,,,,,,,,,,,,,,,,,,,,,
BH4,91,92,0,,,,,,,,,,,,,,,,,,,,,,,
BH4,92,93,0,,,,,,,,,,,,,,,,,,,,,,,
BH4,93,94,0,,,,,,,,,,,,,,,,,,,,,,,
BH4,94,95,0,,,,,,,,,,,,,,,,,,,,,,,
BH4,95,96,0,,,,,,,,,,,,,,,,,,,,,,,
BH4,96,97,0,,,,,,,,,,,,,,,,,,,,,,,
BH4,97,98,0,,,,,,,,,,,,,,,,,,,,,,,
BH4,98,99,0.05,513,ND,,ND,ND,ND,ND,ND,ND,,ND,2.58,ND,ND,62.07,ND,7.07,ND,ND,ND,,1.65,14.25
BH4,99,100,0.05,513,ND,,ND,ND,ND,ND,ND,ND,,ND,2.58,ND,ND,62.07,ND,7.07,ND,ND,ND,,1.65,14.25
BH4,100,101,0,,,,,,,,,,,,,,,,,,,,,,,
BH4,101,102,0.01,62.13,ND,,ND,ND,ND,ND,ND,ND,,ND,2.37,ND,ND,29.58,ND,4.57,ND,ND,ND,,1.2,9.21
BH4,102,103,0.01,62.13,ND,,ND,ND,ND,ND,ND,ND,,ND,2.37,ND,ND,29.58,ND,4.97,ND,ND,ND,,1.2,9.21
BH4,103,104,0,,,,,,,,,,,,,,,,,,,,,,,
BH4,104,105,0,,,,,,,,,,,,,,,,,,,,,,,
BH4,105,106,0.01,74.82,ND,,ND,ND,ND,ND,ND,ND,,ND,1.86,ND,ND,40.11,ND,9.48,ND,ND,ND,,2.74,10.13
BH4,106,107,0.01,74.82,ND,,ND,ND,ND,ND,ND,ND,,ND,1.86,ND,ND,40.11,ND,9.48,ND,ND,ND,,2.74,10.13
BH4,107,108,0,,,,,,,,,,,,,,,,,,,,,,,
BH4,108,109,0,,,,,,,,,,,,,,,,,,,,,,,
BH4,109,110,0,,,,,,,,,,,,,,,,,,,,,,,
BH4,110,111,0,,,,,,,,,,,,,,,,,,,,,,,
BH4,111,112,0,,,,,,,,,,,,,,,,,,,,,,,
BH4,112,113,0,,,,,,,,,,,,,,,,,,,,,,,
BH4,113,114,0,,,,,,,,,,,,,,,,,,,,,,,
BH4,114,115,0,,,,,,,,,,,,,,,,,,,,,,,
BH4,115,116,0,,,,,,,,,,,,,,,,,,,,,,,
BH4,116,117,0,,,,,,,,,,,,,,,,,,,,,,,
BH4,117,118,0,,,,,,,,,,,,,,,,,,,,,,,
BH4,118,119,0,,,,,,,,,,,,,,,,,,,,,,,
BH4,119,120,0,,,,,,,,,,,,,,,,,,,,,,,
BH4,120,121,0,,,,,,,,,,,,,,,,,,,,,,,
BH4,121,122,0,,,,,,,,,,,,,,,,,,,,,,,
BH5,0,1,0,,,,,,,,,,,,,,,,,,,,,,,
BH5,1,2,0,,,,,,,,,,,,,,,,,,,,,,,
BH5,2,3,0,,,,,,,,,,,,,,,,,,,,,,,
BH5,3,4,0,,,,,,,,,,,,,,,,,,,,,,,
BH5,4,5,0,,,,,,,,,,,,,,,,,,,,,,,
BH5,5,6,0,,,,,,,,,,,,,,,,,,,,,,,
BH5,6,7,0,,,,,,,,,,,,,,,,,,,,,,,
BH5,7,8,0,,,,,,,,,,,,,,,,,,,,,,,
BH5,8,9,0,,,,,,,,,,,,,,,,,,,,,,,
BH5,9,10,0,,,,,,,,,,,,,,,,,,,,,,,
BH5,10,11,0,,,,,,,,,,,,,,,,,,,,,,,
BH5,11,12,0,,,,,,,,,,,,,,,,,,,,,,,
BH5,12,13,0,,,,,,,,,,,,,,,,,,,,,,,
BH5,13,14,0,,,,,,,,,,,,,,,,,,,,,,,
BH5,14,15,0,,,,,,,,,,,,,,,,,,,,,,,
BH5,15,16,0,,,,,,,,,,,,,,,,,,,,,,,
BH5,16,17,0,,,,,,,,,,,,,,,,,,,,,,,
BH5,17,18,0,,,,,,,,,,,,,,,,,,,,,,,
BH5,18,19,0,,,,,,,,,,,,,,,,,,,,,,,
BH5,19,20,0,,,,,,,,,,,,,,,,,,,,,,,
BH5,20,21,0,,,,,,,,,,,,,,,,,,,,,,,
BH5,21,22,0,,,,,,,,,,,,,,,,,,,,,,,
BH5,22,23,0,,,,,,,,,,,,,,,,,,,,,,,
BH5,23,24,0,,,,,,,,,,,,,,,,,,,,,,,
BH5,24,25,0,,,,,,,,,,,,,,,,,,,,,,,
BH5,25,26,0,,,,,,,,,,,,,,,,,,,,,,,
BH5,26,27,0,,,,,,,,,,,,,,,,,,,,,,,
BH5,27,28,0,,,,,,,,,,,,,,,,,,,,,,,
BH5,28,29,0,,,,,,,,,,,,,,,,,,,,,,,
BH5,29,30,0,,,,,,,,,,,,,,,,,,,,,,,
BH5,30,31,0,,,,,,,,,,,,,,,,,,,,,,,
BH5,31,32,0,,,,,,,,,,,,,,,,,,,,,,,
BH5,32,33,0,,,,,,,,,,,,,,,,,,,,,,,
BH5,33,34,0,,,,,,,,,,,,,,,,,,,,,,,
BH5,34,35,0,,,,,,,,,,,,,,,,,,,,,,,
BH5,35,36,0,,,,,,,,,,,,,,,,,,,,,,,
BH5,36,37,0,,,,,,,,,,,,,,,,,,,,,,,
BH5,37,38,0,,,,,,,,,,,,,,,,,,,,,,,
BH5,38,39,0,,,,,,,,,,,,,,,,,,,,,,,
BH5,39,40,0,,,,,,,,,,,,,,,,,,,,,,,
BH5,40,41,0,,,,,,,,,,,,,,,,,,,,,,,
BH5,41,42,0,,,,,,,,,,,,,,,,,,,,,,,
BH5,42,43,0,,,,,,,,,,,,,,,,,,,,,,,
BH5,43,44,0,,,,,,,,,,,,,,,,,,,,,,,
BH5,44,45,0,,,,,,,,,,,,,,,,,,,,,,,
BH5,45,46,0,,,,,,,,,,,,,,,,,,,,,,,
BH5,46,47,0,,,,,,,,,,,,,,,,,,,,,,,
BH5,47,48,0,,,,,,,,,,,,,,,,,,,,,,,
BH5,48,49,0,,,,,,,,,,,,,,,,,,,,,,,
BH5,49,50,0,,,,,,,,,,,,,,,,,,,,,,,
BH5,50,51,0,,,,,,,,,,,,,,,,,,,,,,,
BH5,51,52,0,,,,,,,,,,,,,,,,,,,,,,,
BH5,52,53,0,,,,,,,,,,,,,,,,,,,,,,,
BH5,53,54,0,,,,,,,,,,,,,,,,,,,,,,,
BH5,54,55,0,,,,,,,,,,,,,,,,,,,,,,,
BH5,55,56,0,,,,,,,,,,,,,,,,,,,,,,,
BH5,56,57,0,,,,,,,,,,,,,,,,,,,,,,,
BH5,57,58,0,,,,,,,,,,,,,,,,,,,,,,,
BH5,58,59,0,,,,,,,,,,,,,,,,,,,,,,,
BH5,59,60,0,,,,,,,,,,,,,,,,,,,,,,,
BH5,60,61,0,,,,,,,,,,,,,,,,,,,,,,,
BH5,61,62,0,,,,,,,,,,,,,,,,,,,,,,,
BH5,62,63,0,,,,,,,,,,,,,,,,,,,,,,,
BH5,63,64,0,,,,,,,,,,,,,,,,,,,,,,,
BH5,64,65,0,,,,,,,,,,,,,,,,,,,,,,,
BH5,65,66,0,,,,,,,,,,,,,,,,,,,,,,,
BH5,66,67,0,,,,,,,,,,,,,,,,,,,,,,,
BH5,67,68,0,,,,,,,,,,,,,,,,,,,,,,,
BH5,68,69,0,,,,,,,,,,,,,,,,,,,,,,,
BH5,69,70,0,,,,,,,,,,,,,,,,,,,,,,,
BH5,70,71,0,,,,,,,,,,,,,,,,,,,,,,,
BH5,71,72,0,,,,,,,,,,,,,,,,,,,,,,,
BH5,72,73,0,,,,,,,,,,,,,,,,,,,,,,,
BH5,73,74,0,,,,,,,,,,,,,,,,,,,,,,,
BH5,74,75,0,,,,,,,,,,,,,,,,,,,,,,,
BH5,75,76,0,,,,,,,,,,,,,,,,,,,,,,,
BH5,76,77,0,,,,,,,,,,,,,,,,,,,,,,,
BH5,77,78,0.01,51.73,ND,,ND,ND,ND,ND,ND,ND,,ND,ND,ND,ND,24.61,ND,10.73,ND,ND,ND,,2.02,
BH5,78,79,0,,ND,,ND,,,,,,,,,,,,,,,,,,,
BH5,79,80,0,,ND,,ND,,,,,,,,,,,,,,,,,,,
BH5,80,81,0.03,323,ND,,ND,ND,ND,ND,ND,ND,,ND,ND,ND,ND,23.66,ND,8.68,ND,ND,ND,,1.91,
BH5,81,82,0,,ND,,ND,,,,,,,,,,,,,,,,,,,
BH5,82,83,0.11,1135,ND,,ND,ND,ND,ND,ND,ND,,ND,ND,ND,ND,22.37,ND,15.7,ND,ND,ND,,3.12,
BH5,83,84,0.11,1135,ND,,ND,ND,ND,ND,ND,ND,,ND,ND,ND,ND,22.37,ND,15.7,ND,ND,ND,,3.12,
BH5,84,85,0,,,,,,,,,,,,,,,,,,,,,,,
BH5,85,86,0,,,,,,,,,,,,,,,,,,,,,,,
BH5,86,87,0,,,,,,,,,,,,,,,,,,,,,,,
BH5,87,88,0,,,,,,,,,,,,,,,,,,,,,,,
BH5,88,89,0,,,,,,,,,,,,,,,,,,,,,,,
BH5,89,90,0,,,,,,,,,,,,,,,,,,,,,,,
BH5,90,91,0,,,,,,,,,,,,,,,,,,,,,,,
BH5,91,92,0.03,347,ND,,ND,ND,ND,ND,ND,ND,,ND,ND,ND,ND,22.16,ND,6.82,ND,ND,ND,,1.62,
BH5,92,93,0.03,347,ND,,ND,ND,ND,ND,ND,ND,,ND,ND,ND,ND,22.16,ND,6.82,ND,ND,ND,,1.62,
BH5,93,94,0,,,,,,,,,,,,,,,,,,,,,,,
BH5,94,95,0,,,,,,,,,,,,,,,,,,,,,,,
BH5,95,96,0,,,,,,,,,,,,,,,,,,,,,,,
BH5,96,97,0,,,,,,,,,,,,,,,,,,,,,,,
BH5,97,98,0.04,397,ND,,ND,ND,ND,ND,ND,ND,,ND,ND,ND,ND,25.74,ND,10.73,ND,ND,ND,,2.44,
BH5,98,99,0.04,397,ND,,ND,ND,ND,ND,ND,ND,,ND,ND,ND,ND,25.74,ND,10.73,ND,ND,ND,,2.44,
BH5,99,100,0,,,,,,,,,,,,,,,,,,,,,,,
BH5,100,101,0,,,,,,,,,,,,,,,,,,,,,,,
BH5,101,102,0,,,,,,,,,,,,,,,,,,,,,,,
BH5,102,103,0,,,,,,,,,,,,,,,,,,,,,,,
BH5,103,104,0.02,231,ND,,ND,ND,ND,ND,ND,ND,,ND,ND,ND,ND,54.96,ND,8.73,ND,ND,ND,,2.5,
BH5,104,105,0.19,1853,ND,,ND,ND,ND,ND,ND,ND,,ND,ND,ND,ND,29.53,ND,12..87,ND,ND,ND,,2.15,78.46
BH5,105,106,0.25,2474,ND,,ND,ND,ND,ND,ND,ND,,ND,ND,ND,ND,23.65,ND,5.88,ND,ND,ND,,2.62,59.87
BH5,106,107,0.09,880,ND,,ND,ND,ND,ND,ND,ND,,ND,ND,ND,ND,22.92,ND,6.85,ND,ND,ND,,2.73,70.85
BH5,107,108,0.03,322,ND,,ND,ND,ND,ND,ND,ND,,ND,ND,ND,ND,20.42,ND,4.8,ND,ND,ND,,2.8,36.3
BH5,108,109,0,,,,,,,,,,,,,,,,,,,,,,,
BH5,109,110,0,,,,,,,,,,,,,,,,,,,,,,,
BH5,110,111,0.02,193,ND,,ND,ND,ND,ND,ND,ND,,ND,ND,ND,ND,38.27,ND,7.19,ND,ND,ND,,2.4,14.13
BH5,111,112,0,,,,,,,,,,,,,,,,,,,,,,,
BH5,112,113,0.05,499,ND,,ND,ND,ND,ND,ND,ND,,ND,ND,ND,ND,26.47,ND,5.31,ND,ND,ND,,2.1,81.39
BH5,113,114,0.05,499,ND,,ND,ND,ND,ND,ND,ND,,ND,ND,ND,ND,26.47,ND,5.31,ND,ND,ND,,2.1,81.39
BH5,114,115,0,,,,,,,,,,,,,,,,,,,,,,,
BH5,115,116,0.02,189,ND,,ND,,ND,ND,ND,ND,,ND,ND,ND,ND,18.01,ND,10.54,ND,ND,ND,,2.88,
BH5,116,117,0.02,189,ND,,ND,,ND,ND,ND,ND,,ND,ND,ND,ND,18.01,ND,10.54,ND,ND,ND,,2.88,
BH5,117,118,0,,,,,,,,,,,,,,,,,,,,,,,
BH5,118,119,0,,,,,,,,,,,,,,,,,,,,,,,
BH5,119,120,0,,,,,,,,,,,,,,,,,,,,,,,
BH5,120,121,0,,,,,,,,,,,,,,,,,,,,,,,
BH5,121,122,0,,,,,,,,,,,,,,,,,,,,,,,
BH5,122,123,0.11,1064,ND,,ND,,ND,ND,ND,ND,,ND,ND,ND,ND,26.71,ND,9.54,ND,ND,ND,,2.48,
BH5,123,124,0.11,1064,ND,,ND,,ND,ND,ND,ND,,ND,ND,ND,ND,26.71,ND,9.54,,,,,2.48,
BH5,124,125,0.07,664,ND,,ND,,ND,ND,ND,ND,,ND,ND,ND,ND,24.63,ND,3.29,ND,ND,ND,,2.42,
BH5,125,126,0,,,,,,,,,,,,,,,,,,,,,,,
BH5,126,127,0.03,315,ND,,ND,,ND,ND,ND,ND,,ND,ND,ND,ND,25.44,ND,5,ND,ND,ND,,2.47,
BH5,127,128,0.02,223,ND,,ND,,ND,ND,ND,ND,,ND,ND,ND,ND,26.07,ND,6.86,ND,ND,ND,,2.01,
BH5,128,129,0,,,,,,,,,,,,,,,,,,,,,,,
BH5,129,130,0,,,,,,,,,,,,,,,,,,,,,,,
BH5,130,131,0.04,358,ND,,ND,,ND,ND,ND,ND,,ND,ND,ND,ND,26.56,ND,12.83,ND,ND,ND,,2.79,
BH5,131,132,0,,,,,,,,,,,,,,,,,,,,,,,
BH5,132,133,0.05,471,ND,,ND,ND,ND,ND,ND,ND,,ND,ND,ND,ND,18.01,ND,5.39,ND,ND,ND,,2.97,57.11
BH5,133,134,0.05,471,ND,,ND,ND,ND,ND,ND,ND,,ND,ND,ND,ND,18.01,ND,5.39,ND,ND,ND,,2.97,57.11
BH5,134,135,0,,,,,,,,,,,,,,,,,,,,,,,
BH5,135,136,0,,,,,,,,,,,,,,,,,,,,,,,
BH5,136,137,0,,,,,,,,,,,,,,,,,,,,,,,
BH5,137,138,0,,,,,,,,,,,,,,,,,,,,,,,
BH5,138,139,0,,,,,,,,,,,,,,,,,,,,,,,
BH5,139,140,0,,,,,,,,,,,,,,,,,,,,,,,
BH5,140,141,0,,,,,,,,,,,,,,,,,,,,,,,
BH5,141,142,0,,,,,,,,,,,,,,,,,,,,,,,
BH5,142,143,0,,,,,,,,,,,,,,,,,,,,,,,
BH5,143,144,0,,,,,,,,,,,,,,,,,,,,,,,
BH5,144,145,0,,,,,,,,,,,,,,,,,,,,,,,
BH5,145,146,0,,,,,,,,,,,,,,,,,,,,,,,
BH5,146,147,0,,,,,,,,,,,,,,,,,,,,,,,
BH5,147,148,0.05,522,ND,,ND,ND,ND,ND,ND,ND,,ND,ND,ND,ND,26.71,ND,6.52,ND,ND,ND,,2.02,24.29
BH5,148,149,0.05,522,ND,,ND,ND,ND,ND,ND,ND,,ND,ND,ND,ND,26.71,ND,6.52,ND,ND,ND,,2.02,24.29
BH5,149,150,0.05,513,ND,,ND,ND,ND,ND,ND,ND,,ND,ND,ND,ND,19.36,ND,9.64,ND,ND,ND,,2.42,19.36
BH5,150,151,0.05,513,ND,,ND,ND,ND,ND,ND,ND,,ND,ND,ND,ND,19.36,ND,9.64,ND,ND,ND,,2.42,19.36
BH5,151,152,0.04,431,ND,,ND,ND,ND,ND,ND,ND,,ND,ND,ND,ND,15.31,ND,5.81,ND,ND,ND,,1.95,15.31
BH5,152,153,0.04,431,ND,,ND,ND,ND,ND,ND,ND,,ND,ND,ND,ND,"15,31",ND,5.81,ND,ND,ND,,1.95,15.31
BH5,153,154,0.06,591,ND,,ND,ND,ND,ND,ND,ND,,ND,ND,ND,ND,14.55,ND,4.78,ND,ND,ND,,1.71,14.55
BH5,154,155,0.04,370,ND,,ND,ND,ND,ND,ND,ND,,ND,ND,ND,ND,13.17,ND,6.23,ND,ND,ND,,1.81,13.17
BH5,155,156,0.14,1355,ND,,,ND,,,,,,,2.19,,,58.48,,11.14,,,,,3.32,51.02
BH5,156,157,0,,,,,,,,,,,,,,,,,,,,,,,
BH5,157,158,0.02,240,ND,,ND,ND,ND,ND,ND,ND,,ND,4.32,ND,ND,64.78,ND,5.95,ND,ND,ND,,2.03,29.27
BH5,158,159,0,,,,,,,,,,,,,,,,,,,,,,,
BH5,159,160,0.04,358,ND,,ND,ND,ND,ND,ND,ND,,ND,3.4,ND,ND,49.07, ND,5.53,ND,ND,ND,,1.52,27.54
BH5,160,161,0.04,358,ND,,ND,ND,ND,ND,ND,ND,,ND,2.52,ND,ND,56.18,ND,5.53,ND,ND,ND,,1.52,27.54
BH5,161,162,0.05,537,ND,,ND,ND,ND,ND,ND,ND,,ND,2.52,ND,ND,56.18,ND,9.13,ND,ND,ND,,3.19,21.71
BH5,162,163,0.13,1267,ND,,ND,ND,ND,ND,ND,ND,,ND,3.55,ND,ND,60,ND,6.44,ND,ND,ND,,2.04,70.92
BH5,163,164,0,,,,,,,,,,,,,,,,,,,,,,,
BH5,164,165,0,,,,,,,,,,,,,,,,,,,,,,,
BH5,165,166,0,,,,,,,,,,,,,,,,,,,,,,,
BH5,166,167,0,,,,,,,,,,,,,,,,,,,,,,,
BH5,167,168,0,,,,,,,,,,,,,,,,,,,,,,,
BH5,168,169,0,,,,,,,,,,,,,,,,,,,,,,,
BH5,169,170,0.03,317,ND,,ND,ND,ND,ND,ND,ND,,ND,1.28,ND,ND,37.8,ND,14.77,ND,ND,ND,,2.34,38.09
BH5,170,171,0.03,317,ND,,ND,ND,ND,ND,ND,ND,,ND,1.28,ND,ND,37.8,ND,14.77,ND,ND,ND,,2.34,38.09
BH5,171,172,0.08,825,ND,,ND,ND,ND,ND,ND,ND,,ND,1.31,ND,ND,22.53,ND,5.41,ND,ND,ND,,2.62,35.81
BH5,172,173,0.08,825,ND,,ND,ND,ND,ND,ND,ND,,ND,1.31,ND,ND,22.53,ND,5.41,ND,ND,ND,,2.62,35.81
BH5,173,174,0,,,,,,,,,,,,,,,,,,,,,,,
BH5,174,175,0.14,1382,ND,,ND,ND,ND,ND,ND,ND,,ND,2.25,2.25,2.25,22.18,2.25,2.25,2.25,2.25,2.25,,2.25,30.06
BH5,175,176,0,,,,,,,,,,,,,,,,,,,,,,,
BH5,176,177,0,,,,,,,,,,,,,,,,,,,,,,,
BH5,177,178,0.14,1428,ND,,ND,ND,ND,ND,ND,ND,,ND,3.62,ND,ND,18.68,ND,9.67,ND,ND,ND,,3.68,25.18
BH5,178,179,0.14,1428,ND,,ND,,ND,ND,ND,ND,,ND,3.62,ND,ND,18.68,ND,9.67,ND,ND,ND,,3.68,25.18
BH5,179,180,0.21,2110,ND,,ND,ND,ND,ND,ND,ND,,ND,1.44,ND,ND,28.63,ND,15.88,ND,ND,ND,,4.62,109
BH5,180,181,0.21,2110,ND,,ND,ND,ND,ND,ND,ND,,ND,1.44,ND,ND,28.63,ND,15.88,ND,ND,ND,,4.62,109
BH5,181,182,0.03,326,ND,,ND,ND,ND,ND,ND,ND,,ND,5.53,ND,ND,28.44,ND,21.03,ND,ND,ND,,3.18,25.8
BH5,182,183,0.03,326,ND,,ND,ND,ND,ND,ND,ND,,ND,5.53,ND,ND,28.44,ND,21.03,ND,ND,ND,,3.18,25.8
BH5,183,184,0.11,1134,ND,,ND,ND,ND,ND,ND,ND,,ND,1.88,ND,ND,24.87,ND,10.7,ND,ND,ND,,3.34,28.46
BH5,184,185,0,,,,,,,,,,,,,,,,,,,,,,,
BH5,185,186,0,,,,,,,,,,,,,,,,,,,,,,,
BH5,186,187,0,,,,,,,,,,,,,,,,,,,,,,,
BH5,187,188,0.04,415,ND,,ND,ND,ND,ND,ND,ND,,ND,2.55,ND,ND,22.53,ND,3.82,ND,ND,ND,,2.79,20.6
BH5,188,189,0,,,,,,,,,,,,,,,,,,,,,,,
BH5,189,190,0,,,,,,,,,,,,,,,,,,,,,,,
BH5,190,191,0,,,,,,,,,,,,,,,,,,,,,,,
BH5,191,192,0,,,,,,,,,,,,,,,,,,,,,,,
BH5,192,193,0,,,,,,,,,,,,,,,,,,,,,,,
BH5,193,194,0.02,161,ND,,ND,ND,ND,ND,ND,ND,,ND,7.95,ND,ND,22.18,ND,11.48,ND,ND,ND,,2.61,10.53
BH5,194,195,0.03,282,ND,,ND,ND,ND,ND,ND,ND,,ND,5.74,ND,ND,18.68,ND,5.01,ND,ND,ND,,2.56,15.42
BH5,195,196,0.02,225,ND,,ND,ND,ND,ND,ND,ND,,ND,2.23,ND,ND,28.63,ND,8.75,ND,ND,ND,,2.94,24.2
BH5,196,197,0.02,225,ND,,ND,ND,ND,ND,ND,ND,,ND,2.23,ND,ND,28.63,ND,8.75,ND,ND,ND,,2.94,22.52
BH5,197,198,0,,,,,,,,,,,,,,,,,,,,,,,
BH5,198,199,0.06,575,ND,,ND,ND,ND,ND,ND,ND,,ND,7.07,ND,ND,28.44,ND,24.43,ND,ND,ND,,4.69,37.73
BH5,199,200,0,19,ND,,ND,ND,ND,ND,ND,ND,,ND,3.11,ND,ND,24.87,ND,10.28,ND,ND,ND,,3.04,37.73
BH6,0,1,0,,,,,,,,,,,,,,,,,,,,,,,
BH6,1,2,0,,,,,,,,,,,,,,,,,,,,,,,
BH6,2,3,0,,,,,,,,,,,,,,,,,,,,,,,
BH6,3,4,0,,,,,,,,,,,,,,,,,,,,,,,
BH6,4,5,0,,,,,,,,,,,,,,,,,,,,,,,
BH6,5,6,0,,,,,,,,,,,,,,,,,,,,,,,
BH6,6,7,0,,,,,,,,,,,,,,,,,,,,,,,
BH6,7,8,0,,,,,,,,,,,,,,,,,,,,,,,
BH6,8,9,0.11,1089,ND,,,ND,ND,ND,ND,ND,,ND,ND,ND,ND,43.52,,18.15,ND,ND,ND,,2.55,38.65
BH6,9,10,0.11,1089,ND,,,ND,ND,ND,ND,ND,,ND,ND,ND,ND,43.52,,18.15,ND,ND,ND,,2.55,38.65
BH6,10,11,0,,,,,,,,,,,,,,,,,,,,,,,
BH6,11,12,0,,,,,,,,,,,,,,,,,,,,,,,
BH6,12,13,0,,,,,,,,,,,,,,,,,,,,,,,
BH6,13,14,0.17,1694,ND,,,ND,ND,ND,ND,ND,,ND,ND,ND,ND,44.21,,13.79,ND,ND,ND,,3.16,183
BH6,14,15,0.17,1694,ND,,,ND,ND,ND,ND,ND,,ND,ND,ND,ND,44.21,,13.79,ND,ND,ND,,3.16,183
BH6,15,16,0,,,,,,,,,,,,,,,,,,,,,,,
BH6,16,17,0,,,,,,,,,,,,,,,,,,,,,,,
BH6,17,18,0,,,,,,,,,,,,,,,,,,,,,,,
BH6,18,19,0,,,,,,,,,,,,,,,,,,,,,,,
BH6,19,20,0,,,,,,,,,,,,,,,,,,,,,,,
BH6,20,21,0,,,,,,,,,,,,,,,,,,,,,,,
BH6,21,22,0,,,,,,,,,,,,,,,,,,,,,,,
BH6,22,23,0,,,,,,,,,,,,,,,,,,,,,,,
BH6,23,24,0,,,,,,,,,,,,,,,,,,,,,,,
BH6,24,25,0,,,,,,,,,,,,,,,,,,,,,,,
BH6,25,26,0,,,,,,,,,,,,,,,,,,,,,,,
BH6,26,27,0,,,,,,,,,,,,,,,,,,,,,,,
BH6,27,28,0,,,,,,,,,,,,,,,,,,,,,,,
BH6,28,29,0,,,,,,,,,,,,,,,,,,,,,,,
BH6,29,30,0,,,,,,,,,,,,,,,,,,,,,,,
BH6,30,31,0,,,,,,,,,,,,,,,,,,,,,,,
BH6,31,32,0,,,,,,,,,,,,,,,,,,,,,,,
BH6,32,33,0,,,,,,,,,,,,,,,,,,,,,,,
BH6,33,34,0,,,,,,,,,,,,,,,,,,,,,,,
BH6,34,35,0,,,,,,,,,,,,,,,,,,,,,,,
BH6,35,36,0,,,,,,,,,,,,,,,,,,,,,,,
BH6,36,37,0,,,,,,,,,,,,,,,,,,,,,,,
BH6,37,38,0,,,,,,,,,,,,,,,,,,,,,,,
BH6,38,39,0,,,,,,,,,,,,,,,,,,,,,,,
BH6,39,40,0,,,,,,,,,,,,,,,,,,,,,,,
BH6,40,41,0,,,,,,,,,,,,,,,,,,,,,,,
BH6,41,42,0,,,,,,,,,,,,,,,,,,,,,,,
BH6,42,43,0,,,,,,,,,,,,,,,,,,,,,,,
BH6,43,44,0,,,,,,,,,,,,,,,,,,,,,,,
BH6,44,45,0,,,,,,,,,,,,,,,,,,,,,,,
BH6,45,46,0,,,,,,,,,,,,,,,,,,,,,,,
BH6,46,47,0,,,,,,,,,,,,,,,,,,,,,,,
BH6,47,48,0,,,,,,,,,,,,,,,,,,,,,,,
BH6,48,49,0,,,,,,,,,,,,,,,,,,,,,,,
BH6,49,50,0,,,,,,,,,,,,,,,,,,,,,,,
BH6,50,51,0,,,,,,,,,,,,,,,,,,,,,,,
BH6,51,52,0,,,,,,,,,,,,,,,,,,,,,,,
BH6,52,53,0,,,,,,,,,,,,,,,,,,,,,,,
BH6,53,54,0,,,,,,,,,,,,,,,,,,,,,,,
BH6,54,55,0,,,,,,,,,,,,,,,,,,,,,,,
BH6,55,56,0,,,,,,,,,,,,,,,,,,,,,,,
BH6,56,57,0,,,,,,,,,,,,,,,,,,,,,,,
BH6,57,58,0,,,,,,,,,,,,,,,,,,,,,,,
BH6,58,59,0,,,,,,,,,,,,,,,,,,,,,,,
BH6,59,60,0,,,,,,,,,,,,,,,,,,,,,,,
BH6,60,61,0,,,,,,,,,,,,,,,,,,,,,,,
BH6,61,62,0,,,,,,,,,,,,,,,,,,,,,,,
BH6,62,63,0,,,,,,,,,,,,,,,,,,,,,,,
BH6,63,64,0,,,,,,,,,,,,,,,,,,,,,,,
BH6,64,65,0,,,,,,,,,,,,,,,,,,,,,,,
BH6,65,66,0,,,,,,,,,,,,,,,,,,,,,,,
BH6,66,67,0,,,,,,,,,,,,,,,,,,,,,,,
BH6,67,68,0,,,,,,,,,,,,,,,,,,,,,,,
BH6,68,69,0,,,,,,,,,,,,,,,,,,,,,,,
BH6,69,70,0,,,,,,,,,,,,,,,,,,,,,,,
BH6,70,71,0,,,,,,,,,,,,,,,,,,,,,,,
BH6,71,72,0,,,,,,,,,,,,,,,,,,,,,,,
BH6,72,73,0,,,,,,,,,,,,,,,,,,,,,,,
BH6,73,74,0,,,,,,,,,,,,,,,,,,,,,,,
BH6,74,75,0,,,,,,,,,,,,,,,,,,,,,,,
BH6,75,76,0,,,,,,,,,,,,,,,,,,,,,,,
BH6,76,77,0,,,,,,,,,,,,,,,,,,,,,,,
BH6,77,78,0,,,,,,,,,,,,,,,,,,,,,,,
BH6,78,79,0,,,,,,,,,,,,,,,,,,,,,,,
BH6,79,80,0,,,,,,,,,,,,,,,,,,,,,,,
BH6,80,81,0,,,,,,,,,,,,,,,,,,,,,,,
BH6,81,82,0,,,,,,,,,,,,,,,,,,,,,,,
BH6,82,83,0,,,,,,,,,,,,,,,,,,,,,,,
BH6,83,84,0,,,,,,,,,,,,,,,,,,,,,,,
BH6,84,85,0,,,,,,,,,,,,,,,,,,,,,,,
BH6,85,86,0,,,,,,,,,,,,,,,,,,,,,,,
BH6,86,87,0,,,,,,,,,,,,,,,,,,,,,,,
BH6,87,88,0,,,,,,,,,,,,,,,,,,,,,,,
BH6,88,89,0,,,,,,,,,,,,,,,,,,,,,,,
BH6,89,90,0,,,,,,,,,,,,,,,,,,,,,,,
BH6,90,91,0,,,,,,,,,,,,,,,,,,,,,,,
BH6,91,92,0,,,,,,,,,,,,,,,,,,,,,,,
BH6,92,93,0,,,,,,,,,,,,,,,,,,,,,,,
BH6,93,94,0,,,,,,,,,,,,,,,,,,,,,,,
BH6,94,95,0,,,,,,,,,,,,,,,,,,,,,,,
BH6,95,96,0,,,,,,,,,,,,,,,,,,,,,,,
BH6,96,97,0,,,,,,,,,,,,,,,,,,,,,,,
BH6,97,98,0,,,,,,,,,,,,,,,,,,,,,,,
BH6,98,99,0,,,,,,,,,,,,,,,,,,,,,,,
BH6,99,100,0,,,,,,,,,,,,,,,,,,,,,,,
BH6,100,101,0,,,,,,,,,,,,,,,,,,,,,,,
BH6,101,102,0,,,,,,,,,,,,,,,,,,,,,,,
BH6,102,103,0,,,,,,,,,,,,,,,,,,,,,,,
BH6,103,104,0,,,,,,,,,,,,,,,,,,,,,,,
BH6,104,105,0,,,,,,,,,,,,,,,,,,,,,,,
BH6,105,106,0,,,,,,,,,,,,,,,,,,,,,,,
BH6,106,107,0,,,,,,,,,,,,,,,,,,,,,,,
BH6,107,108,0,,,,,,,,,,,,,,,,,,,,,,,
BH6,108,109,0,,,,,,,,,,,,,,,,,,,,,,,
BH6,109,110,0,,,,,,,,,,,,,,,,,,,,,,,
BH6,110,111,0,,,,,,,,,,,,,,,,,,,,,,,
BH6,111,112,0,,,,,,,,,,,,,,,,,,,,,,,
BH6,112,113,0,,,,,,,,,,,,,,,,,,,,,,,
BH6,113,114,0,,,,,,,,,,,,,,,,,,,,,,,
BH6,114,115,0,,,,,,,,,,,,,,,,,,,,,,,
BH6,115,116,0,,,,,,,,,,,,,,,,,,,,,,,
BH6,116,117,0,,,,,,,,,,,,,,,,,,,,,,,
BH6,117,118,0,,,,,,,,,,,,,,,,,,,,,,,
BH6,118,119,0,,,,,,,,,,,,,,,,,,,,,,,
BH6,119,120,0,,,,,,,,,,,,,,,,,,,,,,,
BH6,120,121,0,,,,,,,,,,,,,,,,,,,,,,,
BH6,121,122,0,,,,,,,,,,,,,,,,,,,,,,,
BH6,122,123,0,,,,,,,,,,,,,,,,,,,,,,,
BH6,123,124,0,,,,,,,,,,,,,,,,,,,,,,,
BH6,124,125,0,,,,,,,,,,,,,,,,,,,,,,,
BH6,125,126,0,,,,,,,,,,,,,,,,,,,,,,,
BH6,126,127,0,,,,,,,,,,,,,,,,,,,,,,,
BH6,127,128,0,,,,,,,,,,,,,,,,,,,,,,,
BH6,128,129,0,,,,,,,,,,,,,,,,,,,,,,,
BH6,129,130,0,,,,,,,,,,,,,,,,,,,,,,,
BH6,130,131,0,,,,,,,,,,,,,,,,,,,,,,,
BH6,131,132,0,,,,,,,,,,,,,,,,,,,,,,,
BH6,132,133,0,,,,,,,,,,,,,,,,,,,,,,,
BH6,133,134,0,,,,,,,,,,,,,,,,,,,,,,,
BH6,134,135,0,,,,,,,,,,,,,,,,,,,,,,,
BH6,135,136,0,,,,,,,,,,,,,,,,,,,,,,,
BH6,136,137,0,,,,,,,,,,,,,,,,,,,,,,,
BH6,137,138,0,,,,,,,,,,,,,,,,,,,,,,,
BH6,138,139,0,,,,,,,,,,,,,,,,,,,,,,,
BH6,139,140,0,,,,,,,,,,,,,,,,,,,,,,,
BH6,140,141,0,,,,,,,,,,,,,,,,,,,,,,,
BH6,141,142,0,,,,,,,,,,,,,,,,,,,,,,,
BH6,142,143,0,,,,,,,,,,,,,,,,,,,,,,,
BH6,143,144,0,,,,,,,,,,,,,,,,,,,,,,,
BH6,144,145,0,,,,,,,,,,,,,,,,,,,,,,,
BH6,145,146,0,,,,,,,,,,,,,,,,,,,,,,,
BH6,146,147,0,,,,,,,,,,,,,,,,,,,,,,,
BH6,147,148,0,,,,,,,,,,,,,,,,,,,,,,,
BH6,148,149,0,,,,,,,,,,,,,,,,,,,,,,,
BH6,149,150,0,,,,,,,,,,,,,,,,,,,,,,,
BH6,150,151,0,,,,,,,,,,,,,,,,,,,,,,,
BH6,151,152,0,,,,,,,,,,,,,,,,,,,,,,,
BH6,152,153,0,,,,,,,,,,,,,,,,,,,,,,,
BH6,153,154,0,,,,,,,,,,,,,,,,,,,,,,,
BH6,154,155,0,,,,,,,,,,,,,,,,,,,,,,,
BH6,155,156,0,,,,,,,,,,,,,,,,,,,,,,,
BH6,156,157,0,,,,,,,,,,,,,,,,,,,,,,,
BH6,157,158,0,,,,,,,,,,,,,,,,,,,,,,,
BH6,158,159,0,,,,,,,,,,,,,,,,,,,,,,,
BH6,159,160,0,,,,,,,,,,,,,,,,,,,,,,,
BH6,160,161,0,,,,,,,,,,,,,,,,,,,,,,,
BH6,161,162,0,,,,,,,,,,,,,,,,,,,,,,,
BH6,162,163,0,,,,,,,,,,,,,,,,,,,,,,,
BH6,163,164,0,,,,,,,,,,,,,,,,,,,,,,,
BH6,164,165,0,,,,,,,,,,,,,,,,,,,,,,,
BH6,165,166,0,,,,,,,,,,,,,,,,,,,,,,,
BH6,166,167,0,,,,,,,,,,,,,,,,,,,,,,,
BH6,167,168,0,,,,,,,,,,,,,,,,,,,,,,,
BH6,168,169,0,,,,,,,,,,,,,,,,,,,,,,,
BH6,169,170,0,,,,,,,,,,,,,,,,,,,,,,,
BH6,170,171,0,,,,,,,,,,,,,,,,,,,,,,,
BH6,171,172,0,,,,,,,,,,,,,,,,,,,,,,,
BH6,172,173,0,,,,,,,,,,,,,,,,,,,,,,,
BH6,173,174,0,,,,,,,,,,,,,,,,,,,,,,,
BH6,174,175,0,,,,,,,,,,,,,,,,,,,,,,,
BH6,175,176,0,,,,,,,,,,,,,,,,,,,,,,,
BH6,176,177,0,,,,,,,,,,,,,,,,,,,,,,,
BH6,177,178,0,,,,,,,,,,,,,,,,,,,,,,,
BH6,178,179,0,,,,,,,,,,,,,,,,,,,,,,,
BH6,179,180,0,13.7,ND,,ND,ND,ND,ND,ND,ND,,ND,2.54,ND,ND,10.87,ND,7.78,ND,ND,ND,,1.98,8.92
BH6,180,181,0,13.7,ND,,ND,ND,ND,ND,ND,ND,,ND,2.54,ND,ND,10.87,ND,7.78,ND,ND,ND,,1.98,8.92
BH6,181,182,0.002246,22.46,ND,,ND,ND,ND,ND,ND,ND,,ND,3.99,ND,ND,15.87,ND,6.29,ND,ND,ND,,1.74,10.33
BH6,182,183,0,,,,,,,,,,,,,,,,,,,,,,,
BH6,183,184,0.04,375,ND,,ND,ND,ND,ND,ND,ND,,ND,10.52,ND,ND,14.76,ND,8.77,ND,ND,ND,,1.85,"44,19"
BH6,184,185,0,,,,,,,,,,,,,,,,,,,,,,,
BH6,185,186,0,,,,,,,,,,,,,,,,,,,,,,,
BH6,186,187,0,,,,,,,,,,,,,,,,,,,,,,,
BH6,187,188,0,,,,,,,,,,,,,,,,,,,,,,,
BH6,188,189,0,,,,,,,,,,,,,,,,,,,,,,,
BH6,189,190,0,,,,,,,,,,,,,,,,,,,,,,,
BH6,190,191,0.01,56.79,ND,,ND,ND,ND,ND,ND,ND,,ND,1.4,ND,ND,9.19,ND,6.91,ND,ND,ND,,1.16,13.72
BH6,191,192,0.01,56.79,ND,,ND,ND,ND,ND,ND,ND,,ND,1.4,ND,ND,9.19,ND,6.91,ND,ND,ND,,1.16,13.72
BH6,192,193,0.01,135,ND,,ND,ND,ND,ND,ND,ND,,ND,4.51,ND,ND,11.93,ND,6.97,ND,ND,ND,,1.35,10.55
BH6,193,194,0,,,,,,,,,,,,,,,,,,,,,,,
BH6,194,195,0.03,283,ND,,ND,ND,ND,ND,ND,ND,,ND,4.55,ND,ND,40.69,ND,7.36,ND,ND,ND,,1.77,25.08
BH6,195,196,0.03,283,ND,,ND,ND,ND,ND,ND,ND,,ND,4.55,ND,ND,40.69,ND,7.36,ND,ND,ND,,1.77,25.08
BH6,196,197,0.02,206,ND,,ND,ND,ND,ND,ND,ND,,ND,5.73,ND,ND,35.89,ND,9.4,ND,ND,ND,,1.5,20.89
BH6,197,198,0.01,50.891,ND,,ND,ND,ND,ND,ND,ND,,ND,1.5,ND,ND,34.84,ND,8.34,ND,ND,ND,,1.32,17.59
BH6,198,199,0.05,478,ND,,ND,ND,ND,ND,ND,ND,,ND,ND,ND,ND,45-55,ND,11.26,ND,ND,ND,,2.62,
BH6,199,200,0,,,,,,,,,,,,,,,,,,,,,,,
BH7,0,1,0,,,,,,,,,,,,,,,,,,,,,,,
BH7,1,2,0,,,,,,,,,,,,,,,,,,,,,,,
BH7,2,3,0,,,,,,,,,,,,,,,,,,,,,,,
BH7,3,4,0,,,,,,,,,,,,,,,,,,,,,,,
BH7,4,5,0,,,,,,,,,,,,,,,,,,,,,,,
BH7,5,6,0,,,,,,,,,,,,,,,,,,,,,,,
BH7,6,7,0,,,,,,,,,,,,,,,,,,,,,,,
BH7,7,8,0,,,,,,,,,,,,,,,,,,,,,,,
BH7,8,9,0,,,,,,,,,,,,,,,,,,,,,,,
BH7,9,10,0,,,,,,,,,,,,,,,,,,,,,,,
BH7,10,11,0,,,,,,,,,,,,,,,,,,,,,,,
BH7,11,12,0,,,,,,,,,,,,,,,,,,,,,,,
BH7,12,13,0,,,,,,,,,,,,,,,,,,,,,,,
BH7,13,14,0,,,,,,,,,,,,,,,,,,,,,,,
BH7,14,15,0,7.26,ND,ND,ND,,,,,,ND,,,,,ND,,,,,,,,1.76
BH7,15,16,0,,,,,,,,,,,,,,,,,,,,,,,
BH7,16,17,0,,,,,,,,,,,,,,,,,,,,,,,
BH7,17,18,0,,,,,,,,,,,,,,,,,,,,,,,
BH7,18,19,0,,,,,,,,,,,,,,,,,,,,,,,
BH7,19,20,0,,,,,,,,,,,,,,,,,,,,,,,
BH7,20,21,0,16.58,ND,ND,ND,,,,,,ND,,,,,ND,,,,,,,,9.27
BH7,21,22,0,,,,,,,,,,,,,,,,,,,,,,,
BH7,22,23,0,,,,,,,,,,,,,,,,,,,,,,,
BH7,23,24,0,,,,,,,,,,,,,,,,,,,,,,,
BH7,24,25,0,,,,,,,,,,,,,,,,,,,,,,,
BH7,25,26,0,31.14,ND,ND,ND,,,,,,ND,,,,,ND,,,,,,,,43.96
BH7,26,27,0,,,,,,,,,,,,,,,,,,,,,,,
BH7,27,28,0,,,,,,,,,,,,,,,,,,,,,,,
BH7,28,29,0,,,,,,,,,,,,,,,,,,,,,,,
BH7,29,30,0,,,,,,,,,,,,,,,,,,,,,,,
BH7,30,31,0.05,459,ND,ND,ND,,,,,,ND,,,,,ND,,,,,,,,8.72
BH7,31,32,0,,,,,,,,,,,,,,,,,,,,,,,
BH7,32,33,0,,,,,,,,,,,,,,,,,,,,,,,
BH7,33,34,0,,,,,,,,,,,,,,,,,,,,,,,
BH7,34,35,0,,,,,,,,,,,,,,,,,,,,,,,
BH7,35,36,0,,,,,,,,,,,,,,,,,,,,,,,
BH7,36,37,0,,,,,,,,,,,,,,,,,,,,,,,
BH7,37,38,0,,,,,,,,,,,,,,,,,,,,,,,
BH7,38,39,0,,,,,,,,,,,,,,,,,,,,,,,
BH7,39,40,0,,,,,,,,,,,,,,,,,,,,,,,
BH7,40,41,0,,,,,,,,,,,,,,,,,,,,,,,
BH7,41,42,0,,,,,,,,,,,,,,,,,,,,,,,
BH7,42,43,0,,,,,,,,,,,,,,,,,,,,,,,
BH7,43,44,0,,,,,,,,,,,,,,,,,,,,,,,
BH7,44,45,0,,,,,,,,,,,,,,,,,,,,,,,
BH7,45,46,0,,,,,,,,,,,,,,,,,,,,,,,
BH7,46,47,0,,,,,,,,,,,,,,,,,,,,,,,
BH7,47,48,0.01,127,ND,ND,ND,,,,,,ND,,,,,ND,,,,,,,,14.2
BH7,48,49,0.02,167,ND,ND,ND,,,,,,ND,,,,,ND,,,,,,,,5.96
BH7,49,50,0,,,,,,,,,,,,,,,,,,,,,,,
BH7,50,51,0.01,138,ND,ND,ND,,,,,,ND,,,,,ND,,,,,,,,10.65
BH7,51,52,0.01,82.92,ND,ND,ND,,,,,,ND,,,,,ND,,,,,,,,7.22
BH7,52,53,0,,,,,,,,,,,,,,,,,,,,,,,
BH7,53,54,0.07,701,ND,ND,ND,,,,,,ND,,,,,ND,,,,,,,,6.12
BH7,54,55,0,,,,,,,,,,,,,,,,,,,,,,,
BH7,55,56,0,,,,,,,,,,,,,,,,,,,,,,,
BH7,56,57,0,,,,,,,,,,,,,,,,,,,,,,,
BH7,57,58,0,,,,,,,,,,,,,,,,,,,,,,,
BH7,58,59,0,,,,,,,,,,,,,,,,,,,,,,,
BH7,59,60,0,,,,,,,,,,,,,,,,,,,,,,,
BH7,60,61,0,,,,,,,,,,,,,,,,,,,,,,,
BH7,61,62,0,,,,,,,,,,,,,,,,,,,,,,,
BH7,62,63,0,,,,,,,,,,,,,,,,,,,,,,,
BH7,63,64,0,,,,,,,,,,,,,,,,,,,,,,,
BH7,64,65,0,,,,,,,,,,,,,,,,,,,,,,,
BH7,65,66,0,,,,,,,,,,,,,,,,,,,,,,,
BH7,66,67,0,,,,,,,,,,,,,,,,,,,,,,,
BH7,67,68,0.03,260,ND,ND,ND,,,,,,ND,,,,,ND,,,,,,,,353
BH7,68,69,0,,,,,,,,,,,,,,,,,,,,,,,
BH7,69,70,0,,,,,,,,,,,,,,,,,,,,,,,
BH7,70,71,0.03,325,ND,ND,ND,,,,,,ND,,,,,ND,,,,,,,,283
BH7,71,72,0,,,,,,,,,,,,,,,,,,,,,,,
BH7,72,73,0,,,,,,,,,,,,,,,,,,,,,,,
BH7,73,74,0.02,169,ND,ND,ND,,,,,,ND,,,,,ND,,,,,,,,81.82
BH7,74,75,0.04,390,ND,ND,ND,,,,,,ND,,,,,ND,,,,,,,,61.91
BH7,75,76,0.03,255,ND,ND,ND,,,,,,ND,,,,,ND,,,,,,,,33.87
BH7,76,77,0.01,87.57,ND,ND,ND,,,,,,ND,,,,,ND,,,,,,,,9.6
BH7,77,78,0,,,,,,,,,,,,,,,,,,,,,,,
BH7,78,79,0.01,105,ND,ND,ND,,,,,,ND,,,,,ND,,,,,,,,12.97
BH7,79,80,0,,,,,,,,,,,,,,,,,,,,,,,
BH7,80,81,0.03,328,ND,ND,ND,,,,,,ND,,,,,ND,,,,,,,,8.86
BH7,81,82,0,,,,,,,,,,,,,,,,,,,,,,,
BH7,82,83,0.04,399,ND,ND,ND,,,,,,ND,,,,,ND,,,,,,,,11.57
BH7,83,84,0.02,177,ND,ND,ND,,,,,,ND,,,,,ND,,,,,,,,8.99
BH7,84,85,0,,,,,,,,,,,,,,,,,,,,,,,
BH7,85,86,0,,,,,,,,,,,,,,,,,,,,,,,
BH7,86,87,0.09,936,ND,ND,ND,,,,,,ND,,,,,ND,,,,,,,,13.51
BH7,87,88,0.01,64.95,ND,ND,ND,,,,,,ND,,,,,ND,,,,,,,,8.62
BH7,88,89,0.05,491,ND,ND,ND,,,,,,ND,,,,,ND,,,,,,,,11.51
BH7,89,90,0.03,305,ND,ND,ND,,,,,,ND,,,,,ND,,,,,,,,8.22
BH7,90,91,0.01,79.13,ND,ND,ND,,,,,,,,,,,,,,,,,,,10.13
BH7,91,92,0,,,,,,,,,,,,,,,,,,,,,,,
BH7,92,93,0.04,379,ND,ND,ND,,,,,,ND,,,,,ND,,,,,,,,14.58
BH7,93,94,0,,,,,,,,,,,,,,,,,,,,,,,
BH7,94,95,0.02,162,ND,ND,ND,,,,,,ND,,,,,ND,,,,,,,,8.54
BH7,95,96,0.02,151,ND,ND,ND,,,,,,ND,,,,,ND,,,,,,,,24.15
BH7,96,97,0,,,,,,,,,,,,,,,,,,,,,,,
BH7,97,98,0.04,423,ND,ND,ND,,,,,,ND,,,,,ND,,,,,,,,15.94
BH7,98,99,0,,,,,,,,,,,,,,,,,,,,,,,
BH7,99,100,0.02,152,ND,ND,ND,,,,,,ND,,,,,ND,,,,,,,,14.5
BH7,100,101,0,,,,,,,,,,,,,,,,,,,,,,,
BH7,101,102,0.02,245,ND,ND,ND,,,,,,ND,,,,,ND,,,,,,,,19.09
BH7,102,103,0.01,141,ND,ND,ND,,,,,,ND,,,,,ND,,,,,,,,19.85
BH7,103,104,0,42,ND,ND,ND,,,,,,ND,,,,,ND,,,,,,,,1497
BH7,104,105,0,,,,,,,,,,,,,,,,,,,,,,,
BH7,105,106,0.04,439,ND,ND,ND,,,,,,ND,,,,,ND,,,,,,,,15.09
BH7,106,107,0.03,339,ND,ND,ND,,,,,,ND,,,,,ND,,,,,,,,20.92
BH7,107,108,0,,,,,,,,,,,,,,,,,,,,,,,
BH7,108,109,0.01,134,ND,ND,ND,,,,,,ND,,,,,ND,,,,,,,,17.5
BH7,109,110,0.02,223,ND,ND,ND,,,,,,ND,,,,,ND,,,,,,,,23.87
BH7,110,111,0.02,209,ND,ND,ND,,,,,,ND,,,,,ND,,,,,,,,12.36
BH7,111,112,0,,,,,,,,,,,,,,,,,,,,,,,
BH7,112,113,0.03,326,ND,ND,ND,,,,,,ND,,,,,ND,,,,,,,,29.03
BH7,113,114,0.02,177,ND,ND,ND,,,,,,ND,,,,,ND,,,,,,,,29.15
BH7,114,115,0.01,140,ND,ND,ND,,,,,,ND,,,,,ND,,,,,,,,36.6
BH7,115,116,0.02,231,ND,ND,ND,,,,,,ND,,,,,ND,,,,,,,,29.06
BH7,116,117,0,,,,,,,,,,,,,,,,,,,,,,,
BH7,117,118,0,,,,,,,,,,,,,,,,,,,,,,,
BH7,118,119,0,,,,,,,,,,,,,,,,,,,,,,,
BH7,119,120,0,,,,,,,,,,,,,,,,,,,,,,,
BH7,120,121,0.01,95.52,ND,ND,ND,,,,,,ND,,,,,ND,,,,,,,,19.29
BH7,121,122,0.01,67.5,ND,ND,ND,,,,,,ND,,,,,ND,,,,,,,,26.25
BH7,122,123,0.01,85.63,ND,ND,ND,,,,,,ND,,,,,ND,,,,,,,,35.33
BH7,123,124,0,32.84,ND,ND,ND,,,,,,ND,,,,,ND,,,,,,,,29.26
BH7,124,125,0.01,122,ND,ND,ND,,,,,,ND,,,,,ND,,,,,,,,28.26
BH7,125,126,0,38.69,ND,ND,ND,,,,,,ND,,,,,ND,,,,,,,,21.95
BH7,126,127,0,,,,,,,,,,,,,,,,,,,,,,,
BH7,127,128,0,,,,,,,,,,,,,,,,,,,,,,,
BH7,128,129,0.01,84.82,ND,ND,ND,,,,,,ND,,,,,20.99,,,,,,,,33.06
BH7,129,130,0.1,1034,ND,ND,ND,,,,,,ND,,,,,22.31,,,,,,,,64.08
BH7,130,131,0.05,452,ND,ND,ND,,,,,,ND,,,,,21.91,,,,,,,,151
BH7,131,132,0,,,,,,,,,,,,,,,,,,,,,,,
BH7,132,133,0.04,416,ND,ND,ND,,,,,,ND,,,,,24.22,,,,,,,,46.42
BH7,133,134,0.01,122,ND,ND,ND,,,,,,ND,,,,,21.86,,,,,,,,24.57
BH7,134,135,0.12,1215,ND,ND,ND,,,,,,ND,,,,,12.49,,,,,,,,59.95
BH7,135,136,0.03,293,ND,ND,ND,,,,,,ND,,,,,20.29,,,,,,,,38.62
BH7,136,137,0,,,,,,,,,,,,,,,,,,,,,,,
BH7,137,138,0.01,138,ND,ND,ND,,,,,,ND,,,,,22.24,,,,,,,,34.25
BH7,138,139,0.04,426,ND,ND,ND,,,,,,ND,,,,,20.43,,,,,,,,35.96
BH7,139,140,0,31.98,ND,ND,ND,,,,,,ND,,,,,15.04,,,,,,,,45.92
BH7,140,141,0,5.96,ND,ND,ND,,,,,,ND,,,,,19.23,,,,,,,,22.04
BH7,141,142,0,6.31,ND,ND,ND,,,,,,ND,,,,,15.42,,,,,,,,30.13
BH7,142,143,0,,,,,,,,,,,,,,,,,,,,,,,
BH7,143,144,0,,,,,,,,,,,,,,,,,,,,,,,
BH7,144,145,0.01,75.38,ND,ND,ND,,,,,,ND,,,,,18.41,,,,,,,,61.12
BH7,145,146,0.02,206,ND,ND,ND,,,,,,ND,,,,,10.19,,,,,,,,23.54
BH7,146,147,0,31.42,ND,ND,ND,,,,,,ND,,,,,15.1,,,,,,,,11.97
BH7,147,148,0.03,269,ND,ND,ND,,,,,,ND,,,,,18.5,,,,,,,,27.14
BH7,148,149,0,,,,,,,,,,,,,,,,,,,,,,,
BH7,149,150,0,,,,,,,,,,,,,,,,,,,,,,,
BH7,150,151,0,,,,,,,,,,,,,,,,,,,,,,,
BH7,151,152,0.05,538,ND,ND,ND,,,,,,ND,,,,,23.46,,,,,,,,9.47
BH7,152,153,0.01,138,ND,ND,ND,,,,,,ND,,,,,27.34,,,,,,,,15.82
BH7,153,154,0,,,,,,,,,,,,,,,,,,,,,,,
BH7,154,155,0.02,152,ND,ND,ND,,,,,,ND,,,,,20.33,,,,,,,,12.54
BH7,155,156,0.1,1012,ND,ND,ND,,,,,,ND,,,,,27.1,,,,,,,,26.33
BH7,156,157,0.19,1898,ND,ND,ND,,,,,,ND,,,,,33.79,,,,,,,,30.98
BH7,157,158,0.03,337,ND,ND,ND,,,,,,ND,,,,,24.74,,,,,,,,28.56
BH7,158,159,0,,,,,,,,,,,,,,,,,,,,,,,
BH7,159,160,0.03,336,ND,ND,ND,,,,,,ND,,,,,26.17,,,,,,,,25.36
BH7,160,161,0.07,681,ND,ND,ND,,,,,,ND,,,,,29.6,,,,,,,,30.61
BH7,161,162,0.02,210,ND,ND,ND,,,,,,ND,,,,,27.03,,,,,,,,27.62
BH7,162,163,0.05,526,ND,ND,ND,,,,,,ND,,,,,28.27,,,,,,,,19.08
BH7,163,164,0.02,186,ND,ND,ND,,,,,,ND,,,,,23.19,,,,,,,,8.98
BH7,164,165,0,,,,,,,,,,,,,,,,,,,,,,,
BH7,165,166,0.01,135,ND,ND,ND,,,,,,ND,,,,,38.75,,,,,,,,17.83
BH7,166,167,0,,,,,,,,,,,,,,,,,,,,,,,
BH7,167,168,0.04,379,ND,ND,ND,,,,,,ND,,,,,5.15,,,,,,,,11.29
BH7,168,169,0,,,,,,,,,,,,,,,,,,,,,,,
BH7,169,170,0,,,,,,,,,,,,,,,,,,,,,,,
BH7,170,171,0.04,404,ND,ND,ND,,,,,,ND,,,,,22.98,,,,,,,,30.25
BH7,171,172,0,,,,,,,,,,,,,,,,,,,,,,,
BH7,172,173,0.03,251,ND,ND,ND,,,,,,ND,,,,,5.33,,,,,,,,21.9
BH7,173,174,0,15.74,ND,ND,ND,,,,,,ND,,,,,7.78,,,,,,,,13.43
BH7,174,175,0,39.2,ND,ND,ND,,,,,,ND,,,,,18.52,,,,,,,,50.49
BH7,175,176,0,,,,,,,,,,,,,,,,,,,,,,,
BH7,176,177,0,,,,,,,,,,,,,,,,,,,,,,,
BH7,177,178,0,,,,,,,,,,,,,,,,,,,,,,,
BH7,178,179,0,,,,,,,,,,,,,,,,,,,,,,,
BH7,179,180,0,,,,,,,,,,,,,,,,,,,,,,,
BH7,180,181,0,,,,,,,,,,,,,,,,,,,,,,,
BH7,181,182,0,,,,,,,,,,,,,,,,,,,,,,,
BH7,182,183,0.02,170,ND,ND,ND,,,,,,ND,,,,,34.45,,,,,,,,7.06
BH7,183,184,0,,,,,,,,,,,,,,,,,,,,,,,
BH7,184,185,0.03,258,ND,ND,ND,,,,,,ND,,,,,5.43,,,,,,,,35.11
BH7,185,186,0.01,91.86,ND,ND,ND,,,,,,ND,,,,,12.2,,,,,,,,102
BH7,186,187,0.01,75.4,ND,ND,ND,,,,,,ND,,,,,5.74,,,,,,,,52
BH7,187,188,0,,,,,,,,,,,,,,,,,,,,,,,
BH7,188,189,0.02,228,ND,ND,ND,,,,,,ND,,,,,9.2,,,,,,,,96.46
BH7,189,190,0,,,,,,,,,,,,,,,,,,,,,,,
BH7,190,191,0,,,,,,,,,,,,,,,,,,,,,,,
BH7,191,192,0,,,,,,,,,,,,,,,,,,,,,,,
BH7,192,193,0.01,73,ND,ND,ND,,,,,,ND,,,,,47.93,,,,,,,,247
BH7,193,194,0.02,237,ND,ND,ND,,,,,,ND,,,,,5.83,,,,,,,,45
BH7,194,195,0.01,114,ND,ND,ND,,,,,,ND,,,,,14.09,,,,,,,,64.46
BH7,195,196,0.01,107,ND,ND,ND,,,,,,ND,,,,,31.76,,,,,,,,24.67
BH7,196,197,0.05,494,ND,ND,ND,,,,,,ND,,,,,20.51,,,,,,,,38.17
BH7,197,198,0.01,127,ND,ND,ND,,,,,,ND,,,,,8,,,,,,,,30
BH7,198,199,0,,,,,,,,,,,,,,,,,,,,,,,
BH7,199,200,0.01,62,ND,ND,ND,,,,,,ND,,,,,34.49,,,,,,,,21.48
BH7,200,201,0,,,,,,,,,,,,,,,,,,,,,,,
BH7,201,202,0.02,174,ND,ND,ND,,,,,,,,,,,36.61,,,,,,,,12.73
BH7,202,203,0.24,2377,ND,ND,ND,,,,,,,,,,,8.89,,,,,,,,17.56
BH7,203,204,0.01,131,ND,ND,ND,,,,,,,,,,,8,,,,,,,,18
BH7,204,205,0,,,,,,,,,,,,,,,,,,,,,,,
BH7,205,206,0.01,139,ND,ND,ND,,,,,,ND,,,,,35.61,,,,,,,,29.74
BH7,206,207,0,,,,,,,,,,,,,,,,,,,,,,,
BH7,207,208,0,,,,,,,,,,,,,,,,,,,,,,,
BH7,208,209,0,,,,,,,,,,,,,,,,,,,,,,,
